Date,Adj Close,Open,High,Low,Close,Volume,neg_sentiment_cnt,neu_sentiment_cnt,pos_sentiment_cnt,mean_neg_sentiment_prob,mean_neu_sentiment_prob,mean_pos_sentiment_prob
2022-01-03,338.181,338.3,341.08,337.19,338.54,14537900,1.0,3.0,2.0,0.15651647998007925,0.507686860350077,0.33579665774595924
2022-01-04,336.173,339.95,343.09,331.87,336.53,15998000,0.0,2.0,2.0,0.00021493622261914425,0.49401130996920983,0.5057737361130421
2022-01-05,323.826,333.02,335.76,323.84,324.17,20564500,2.0,6.0,1.0,0.17948141362325665,0.74665081832144,0.07386774850561374
2022-01-06,332.108,322.82,339.17,322.72,332.46,27962800,1.0,2.0,1.0,0.29206745801639045,0.47497841564472765,0.23295414981475915
2022-01-07,331.438,332.74,337.0,328.88,331.79,14722000,0.0,5.0,1.0,0.0028396308565182458,0.8277035775051141,0.16945680384863712
2022-01-10,327.722,325.31,328.34,315.43,328.07,24942400,1.0,0.0,3.0,0.1509923519770382,0.09966478811111301,0.7493428657762706
2022-01-11,334.016,326.78,334.63,325.28,334.37,16226800,0.0,6.0,1.0,0.0024616631250994813,0.8216644666556802,0.17587387718127243
2022-01-12,332.907,335.18,336.37,330.03,333.26,14104900,0.0,2.0,3.0,0.0027520540039404295,0.47165991491638126,0.5255880742050068
2022-01-13,326.134,334.98,335.63,325.76,326.48,14797100,1.0,3.0,0.0,0.24336998978378688,0.7532521043904126,0.003377883430403017
2022-01-14,331.548,321.79,332.73,321.21,331.9,16868500,1.0,5.0,1.0,0.14114238258896097,0.6540989522888724,0.20475864730542526
2022-01-18,317.813,323.29,324.21,317.64,318.15,22645600,0.0,4.0,1.0,0.08324755624853424,0.7975432008504868,0.11920922973076813
2022-01-19,319.251,319.58,327.1,319.33,319.59,20814700,0.0,3.0,1.0,0.006121152192463342,0.7503282001125626,0.2435506172660098
2022-01-20,316.224,323.9,327.82,315.98,316.56,16925000,0.0,5.0,2.0,0.0003679282672237605,0.7185827275472028,0.28104933186529835
2022-01-21,302.849,314.81,318.31,303.04,303.17,28710700,0.0,6.0,1.0,0.012788921461573668,0.8443177880794143,0.14289329723396804
2022-01-24,308.383,297.84,309.53,289.01,308.71,38878100,1.0,4.0,4.0,0.1112297590795303,0.48217735881432117,0.40659288400638616
2022-01-25,299.832,299.95,306.23,297.58,300.15,25108500,1.0,4.0,1.0,0.1631884165374989,0.6750250644981861,0.16178649273570045
2022-01-26,294.318,307.01,307.51,290.85,294.63,28348800,0.0,1.0,3.0,0.0004000831722805742,0.2755613505760266,0.724038599524647
2022-01-27,294.328,297.75,301.71,294.26,294.64,21629900,2.0,2.0,3.0,0.26422576882915955,0.3497766841069928,0.38599754266033415
2022-01-28,301.39,295.62,301.9,293.03,301.71,21871600,1.0,3.0,0.0,0.29084308551318827,0.7059702491387725,0.003186690839356743
2022-01-31,312.928,300.68,313.79,299.32,313.26,21579500,0.0,4.0,1.0,0.07630223885935265,0.6779320898873266,0.24576564813032747
2022-02-01,318.662,314.56,319.66,312.12,319.0,18023800,0.0,4.0,2.0,0.07707115530926482,0.6362311467528343,0.2866977175235661
2022-02-02,322.658,327.82,328.0,316.87,323.0,58458300,3.0,3.0,0.0,0.49890555107655626,0.5005192459405711,0.0005751878052251413
2022-02-03,237.508,244.65,248.0,235.75,237.76,188119900,7.0,1.0,0.0,0.8744020105805248,0.1248238968764781,0.0007740996888969676
2022-02-04,236.839,234.97,242.61,230.11,237.09,89342200,1.0,3.0,2.0,0.16102343337236866,0.5060976935067932,0.3328788926519337
2022-02-07,224.672,237.7,238.3,224.01,224.91,88613800,1.0,3.0,1.0,0.2136978662078036,0.5860951292241225,0.20020697206709884
2022-02-08,219.947,220.85,225.77,216.15,220.18,94729700,3.0,2.0,2.0,0.43019941569738357,0.2688511825565781,0.3009493911579609
2022-02-09,231.754,224.2,233.37,222.21,232.0,86563300,1.0,3.0,0.0,0.24854693617089652,0.7504756632260978,0.00097738568274508
2022-02-10,227.828,228.27,235.0,226.7,228.07,49310400,1.0,5.0,1.0,0.1437556848634683,0.7445736919679413,0.11167063032293559
2022-02-11,219.317,228.46,230.42,218.77,219.55,46156900,1.0,2.0,0.0,0.27155383848488174,0.7198014259338379,0.008644733175363703
2022-02-14,217.469,219.31,221.0,214.78,217.7,38184000,2.0,0.0,1.0,0.6648215979318289,0.0011901370210883517,0.3339883193645316
2022-02-15,220.766,220.47,221.15,215.06,221.0,42685500,0.0,7.0,0.0,0.0057511694602518605,0.9733834947858538,0.020865358254273554
2022-02-16,216.31,212.41,217.46,212.36,216.54,45817500,0.0,5.0,1.0,0.013860350130319906,0.7664520274847746,0.21968761206032164
2022-02-17,207.49,214.02,217.5,207.16,207.71,38747500,1.0,5.0,1.0,0.14279854922330873,0.6676251346860747,0.18957631515877438
2022-02-18,205.941,209.39,210.75,205.18,206.16,37128400,1.0,2.0,0.0,0.3326757886437311,0.6459886094089597,0.021335628857438376
2022-02-22,201.866,202.34,207.48,200.06,202.08,39852400,0.0,2.0,0.0,6.652433512499556e-05,0.9997482895851135,0.0001851923589129001
2022-02-23,198.24,204.16,206.94,198.05,198.45,44481400,0.0,6.0,2.0,0.0003930287193725235,0.827684547752142,0.171922431387884
2022-02-24,207.38,191.06,208.35,190.22,207.6,49957200,0.0,6.0,1.0,0.0009689891074750838,0.8568171355873346,0.14221387948210967
2022-02-25,210.257,204.94,211.32,203.18,210.48,37627600,0.0,3.0,3.0,0.02047716583183501,0.630065929935275,0.3494569252046252
2022-02-28,210.806,207.68,213.15,206.83,211.03,34239800,0.0,11.0,1.0,0.028605775317070464,0.9224826221664747,0.0489116122747267
2022-03-01,203.274,209.87,211.75,202.22,203.49,27094900,1.0,3.0,2.0,0.11912400446211298,0.547376984412646,0.33349903764246847
2022-03-02,207.889,204.78,209.15,202.02,208.11,29452100,1.0,3.0,1.0,0.19710882753279294,0.5999218169366941,0.20296934022771893
2022-03-03,202.755,209.02,209.08,201.42,202.97,27263500,1.0,5.0,1.0,0.1393684194481466,0.6565878724546305,0.2040436802500543
2022-03-04,199.848,202.37,205.89,198.79,200.06,32130900,0.0,1.0,2.0,0.0002630040204773347,0.3237292892493618,0.6760077228148779
2022-03-07,187.271,200.79,200.89,187.28,187.47,38560600,0.0,3.0,1.0,0.023463349394660327,0.7490231438423507,0.2275135069830867
2022-03-08,190.088,187.85,196.7,186.11,190.29,37508100,0.0,3.0,3.0,0.0005338661473312337,0.4987868053334144,0.5006793734840661
2022-03-09,198.29,195.74,199.1,193.92,198.5,31894700,0.0,4.0,0.0,0.0047647687897551805,0.9949495941400528,0.0002856455294022453
2022-03-10,195.003,194.84,196.28,191.07,195.21,24853000,1.0,5.0,1.0,0.11163185286152709,0.7283525349838393,0.1600156192767567
2022-03-11,187.411,192.64,193.56,186.67,187.61,34694500,3.0,2.0,0.0,0.6370486966014142,0.3613114955369383,0.0016398230276536197
2022-03-14,186.432,187.03,192.29,185.82,186.63,31010500,4.0,1.0,0.0,0.7754675628617406,0.22308352226391434,0.0014489104942185804
2022-03-15,191.826,190.8,192.28,185.91,192.03,31721700,1.0,4.0,2.0,0.1334933453929677,0.5824060682955731,0.2841006017619553
2022-03-16,203.414,194.7,203.73,194.52,203.63,40640300,1.0,2.0,2.0,0.1871533451776486,0.4142606765963137,0.398585983843077
2022-03-17,207.62,201.7,208.04,201.11,207.84,29499700,3.0,5.0,1.0,0.3164310326743968,0.6209894041918839,0.06257953403999433
2022-03-18,216.261,206.7,216.8,206.0,216.49,52128000,0.0,1.0,0.0,6.045109694241546e-05,0.9997822642326355,0.00015725105185993016
2022-03-21,211.266,214.5,214.71,207.63,211.49,30142300,1.0,6.0,0.0,0.2197198708236101,0.7782333687480006,0.0020467644166533966
2022-03-22,216.42,211.37,219.46,210.18,216.65,31998800,1.0,3.0,1.0,0.19404270403683768,0.5958898208686151,0.21006750148371794
2022-03-23,213.234,213.33,216.8,212.16,213.46,23717300,0.0,5.0,2.0,0.04604586406951837,0.6668422648238318,0.28711187940124155
2022-03-24,219.337,215.0,220.67,214.79,219.57,31502300,0.0,3.0,3.0,0.00020863757041903833,0.4796331263059983,0.5201582639201661
2022-03-25,221.585,220.51,225.5,218.89,221.82,40039000,0.0,5.0,2.0,0.00028756368036348637,0.7372262869030237,0.26248616144325104
2022-03-28,223.353,222.13,224.04,219.54,223.59,26224100,0.0,3.0,0.0,0.00010167780783376656,0.9996288816134135,0.0002694815896878329
2022-03-29,229.616,226.07,230.89,225.29,229.86,31417900,0.0,5.0,3.0,0.00012473074002627982,0.6266051542115747,0.3732701065346191
2022-03-30,227.609,228.91,231.15,226.71,227.85,25588000,4.0,2.0,0.0,0.6016569329052194,0.39120518004832167,0.0071379243612076
2022-03-31,222.124,228.45,228.49,222.26,222.36,24192300,0.0,4.0,3.0,0.0031605694779760335,0.569071570444586,0.42776783900366616
2022-04-01,224.612,224.55,227.28,222.7,224.85,19544800,1.0,4.0,1.0,0.1652668782123025,0.6669162416850062,0.1678168612997979
2022-04-04,233.642,225.98,234.35,225.86,233.89,28054800,1.0,6.0,2.0,0.10578482006975617,0.6615672612355815,0.23264792889030003
2022-04-05,231.594,234.08,236.86,231.02,231.84,29727200,1.0,2.0,3.0,0.16292091729458966,0.3363921084674075,0.5006869336417973
2022-04-06,223.063,226.91,228.99,221.41,223.3,28995100,0.0,5.0,2.0,0.00022445742329832034,0.7160127583525276,0.2837627607592107
2022-04-07,222.714,223.93,225.52,218.56,222.95,21037200,3.0,5.0,0.0,0.31043065647963886,0.6806357052555541,0.008933653421991039
2022-04-08,222.094,222.38,225.13,220.03,222.33,18375700,1.0,1.0,0.0,0.32560011548775947,0.6735145598649979,0.0008852843166096136
2022-04-11,216.231,218.42,220.61,215.22,216.46,20516600,0.0,4.0,1.0,0.00020769981347257271,0.8847937464714051,0.11499851568369195
2022-04-12,213.913,220.24,222.03,213.13,214.14,20128800,0.0,3.0,3.0,0.00047144107763112214,0.5578173308943709,0.44171123805184226
2022-04-13,214.762,211.82,216.61,211.33,214.99,19231800,2.0,4.0,2.0,0.19971770484426088,0.5427827502990112,0.25749953203239784
2022-04-14,209.957,214.89,214.99,210.0,210.18,18379500,0.0,1.0,1.0,0.00019139799405820668,0.5115699581801891,0.4882386627723463
2022-04-18,210.547,210.0,213.38,208.3,210.77,16580800,0.0,2.0,1.0,0.0033437318731254586,0.6604243232044004,0.33623192302426713
2022-04-19,217.08,210.52,218.43,209.0,217.31,20089900,1.0,4.0,2.0,0.127428352717938,0.6174560577741691,0.2551155518241493
2022-04-20,200.208,213.61,214.16,198.92,200.42,43036500,0.0,5.0,1.0,0.00019341700923784325,0.8321224696313342,0.16768410904235984
2022-04-21,187.871,201.6,202.97,185.58,188.07,49954100,1.0,3.0,2.0,0.11874529685458886,0.5484908163974372,0.3327638971950364
2022-04-22,183.915,190.37,192.72,183.27,184.11,36426800,0.0,3.0,1.0,0.01243027573946165,0.749925828538835,0.23764391667464224
2022-04-25,186.792,182.73,187.18,181.66,186.99,29281100,0.0,8.0,0.0,7.515115476053325e-05,0.9990392103791237,0.00088564203133501
2022-04-26,180.758,186.63,187.19,179.5,180.95,31747400,0.0,3.0,0.0,0.01028662913692339,0.9854990045229594,0.004214379315574964
2022-04-27,174.765,174.43,181.21,169.0,174.95,71062900,2.0,4.0,3.0,0.22181493513724287,0.4399166696789002,0.33826838728176273
2022-04-28,205.512,202.92,208.53,192.9,205.73,100890600,0.0,5.0,3.0,0.00036484701922745444,0.5982602091262379,0.40137495515227783
2022-04-29,200.258,204.46,212.48,199.9,200.47,49193400,1.0,1.0,0.0,0.39467345020966604,0.5015032370574772,0.10382335976464674
2022-05-02,210.906,201.17,211.88,200.99,211.13,49915300,0.0,5.0,0.0,7.363519907812587e-05,0.9994450330734252,0.0004813041698071174
2022-05-03,211.805,210.45,214.9,208.09,212.03,41556300,1.0,2.0,2.0,0.20221086644305614,0.41064857502933594,0.387140559067484
2022-05-04,223.173,210.65,224.3,206.96,223.41,41375900,0.0,2.0,4.0,0.06880879557441706,0.40799189906101674,0.52319931301948
2022-05-05,208.059,218.74,220.17,206.16,208.28,41129200,2.0,2.0,2.0,0.3084310821686813,0.35730741370934993,0.33426152226820705
2022-05-06,203.554,207.34,209.38,201.02,203.77,34747200,0.0,5.0,3.0,0.0003851733786177647,0.621337087079155,0.37827775821915566
2022-05-09,196.002,199.84,202.57,195.58,196.21,36303200,0.0,7.0,2.0,0.0001100695525464188,0.7777465056343418,0.22214341539680996
2022-05-10,197.441,199.51,202.96,194.19,197.65,34452500,2.0,4.0,2.0,0.18930091767106205,0.5697175558743766,0.24098152375063364
2022-05-11,188.54,196.33,200.67,188.27,188.74,31153400,2.0,0.0,3.0,0.3616616693645483,0.05255964201933239,0.5857786798500456
2022-05-12,191.037,187.06,198.05,184.78,191.24,38262200,0.0,4.0,2.0,0.00027554887371176545,0.7104397466949498,0.2892846844545905
2022-05-13,198.409,192.58,199.89,191.28,198.62,24549800,0.0,4.0,1.0,0.00016675381630193442,0.7889283458702266,0.21090488513873423
2022-05-16,199.828,197.05,205.37,195.93,200.04,27112600,1.0,4.0,2.0,0.14223642911591533,0.5983268493936131,0.2594367229108424
2022-05-17,202.405,202.12,205.46,198.36,202.62,24872700,0.0,3.0,3.0,0.00043323180337514106,0.5464382963934137,0.4531284553868318
2022-05-18,192.036,200.0,201.0,191.63,192.24,23960000,1.0,3.0,0.0,0.2483413397694676,0.7511703866766766,0.0004882705252384767
2022-05-19,191.087,191.2,195.29,189.6,191.29,24446900,0.0,6.0,2.0,0.017040636490037286,0.7374558030896878,0.24550353448512396
2022-05-20,193.335,194.97,197.91,187.87,193.54,31465600,0.0,2.0,1.0,0.0006139781762612984,0.6660884648251036,0.3332975449884543
2022-05-23,196.022,195.19,196.99,191.24,196.23,25059200,0.0,5.0,3.0,0.00016018732412703685,0.624045792472316,0.37579402059100175
2022-05-24,181.088,180.55,183.68,176.11,181.28,50406300,0.0,4.0,1.0,0.026242822853964752,0.7688187599182129,0.2049384190235287
2022-05-25,183.635,180.4,185.45,179.32,183.83,28030200,0.0,5.0,1.0,0.00011626645815946783,0.8330494912418848,0.166834214401509
2022-05-26,191.427,182.88,192.83,182.26,191.63,23056500,0.0,2.0,2.0,0.000294539026072016,0.5205185282684397,0.47918691012182535
2022-05-27,194.923,191.36,195.33,189.8,195.13,22562700,1.0,5.0,0.0,0.12143341729582365,0.8212833027743424,0.05728329153983699
2022-05-31,193.435,194.89,197.6,192.01,193.64,26131100,1.0,2.0,0.0,0.32902461907967034,0.6697937725111842,0.0011816024416475557
2022-06-01,188.44,196.51,199.53,185.0,188.64,36623500,0.0,5.0,1.0,0.0003915429151675198,0.8495603526631991,0.15004810047139472
2022-06-02,198.649,188.45,200.94,187.73,198.86,31951600,0.0,6.0,2.0,0.0006959864349482814,0.7498373591079144,0.24946665230436338
2022-06-03,190.578,195.98,196.61,189.78,190.78,19465000,0.0,2.0,0.0,0.16188563825562596,0.8362576067447662,0.001856769435107708
2022-06-06,194.044,193.99,196.92,188.4,194.25,30574200,0.0,4.0,1.0,0.0002942223582067527,0.8307223826646805,0.1689833842938242
2022-06-07,195.443,191.93,196.53,191.49,195.65,18828700,0.0,5.0,0.0,0.01850936779228505,0.9811614513397217,0.00032916022391873414
2022-06-08,196.432,194.67,202.03,194.41,196.64,22267200,0.0,4.0,1.0,0.001405260674073361,0.8050547689199448,0.1935399843416235
2022-06-09,183.805,194.28,199.45,183.68,184.0,23501600,3.0,3.0,2.0,0.35841761119718285,0.40154382487526163,0.2400385397759237
2022-06-10,175.384,183.04,183.1,175.02,175.57,27450800,0.0,1.0,0.0,0.0007508384878747165,0.9989645481109619,0.0002846438728738576
2022-06-13,164.086,170.59,172.58,164.03,164.26,31749300,0.0,2.0,1.0,0.0016891343451182668,0.6647627577573682,0.33354813799087424
2022-06-14,163.556,166.03,166.75,161.36,163.73,27244300,0.0,6.0,1.0,0.00024244637877148177,0.8701459722859519,0.12961158257426827
2022-06-15,169.171,167.2,172.16,163.98,169.35,30008300,0.0,4.0,1.0,0.014869821135653183,0.7756648374139331,0.2094653468913748
2022-06-16,160.699,163.72,165.08,159.61,160.87,26944100,1.0,1.0,3.0,0.1976430755574256,0.2462638013297692,0.5560931331317989
2022-06-17,163.566,161.68,165.9,159.9,163.74,31374200,1.0,6.0,2.0,0.11216255244572595,0.6646003368724551,0.22323712251535552
2022-06-21,156.884,165.93,167.76,155.97,157.05,50724900,0.0,5.0,1.0,0.0012141372280893847,0.8171514143856863,0.1816344602169314
2022-06-22,155.685,158.38,160.79,155.44,155.85,47267800,3.0,1.0,0.0,0.6757299014698219,0.32336893037427217,0.0009011340744109475
2022-06-23,158.582,156.27,159.75,154.25,158.75,40499200,1.0,7.0,0.0,0.10001945684007296,0.8795970976352692,0.020383450813369564
2022-06-24,169.98,161.73,170.25,161.3,170.16,68736000,0.0,1.0,1.0,0.0004222510615363717,0.29985932912677526,0.6997184008359909
2022-06-27,169.31,171.32,171.75,168.01,169.49,29174600,0.0,4.0,3.0,0.0014698924429207441,0.5710068754997337,0.42752321740200777
2022-06-28,160.51,169.9,171.3,160.61,160.68,27744500,0.0,2.0,1.0,0.0002836766240458625,0.7367297212282816,0.2629866178892068
2022-06-29,163.766,163.57,166.33,160.32,163.94,28595200,3.0,5.0,0.0,0.3508912197034988,0.6459475444862619,0.0031612347193004098
2022-06-30,161.079,162.15,165.23,158.49,161.25,35250600,1.0,1.0,0.0,0.4954011472436832,0.4820124297402799,0.022586414648685604
2022-07-01,159.86,160.31,160.62,155.0,160.03,31423900,5.0,3.0,0.0,0.5794513250730233,0.41778477001935244,0.0027639089566946495
2022-07-05,168.012,158.14,168.25,157.02,168.19,28618600,0.0,3.0,1.0,0.0003197657761120354,0.7905075736343861,0.2091726262215161
2022-07-06,169.59,168.2,171.59,165.46,169.77,23085900,1.0,3.0,1.0,0.1903265309141716,0.5894641938590212,0.22020925421093124
2022-07-07,172.008,169.45,172.72,167.78,172.19,24083400,1.0,6.0,1.0,0.11637590595819347,0.758217393711675,0.12540670433918422
2022-07-08,170.699,169.98,172.4,168.15,170.88,19249200,0.0,2.0,0.0,0.0003587810460885521,0.9994905591011047,0.0001506267271906836
2022-07-11,162.707,167.07,167.49,161.91,162.88,21885600,0.0,3.0,0.0,7.821280208493893e-05,0.999487062295278,0.00043467848930352676
2022-07-12,163.097,164.8,165.91,162.1,163.27,16639700,2.0,4.0,1.0,0.2954847023024091,0.5466462435267333,0.15786903269742783
2022-07-13,163.317,160.16,164.98,159.61,163.49,16555100,0.0,4.0,1.0,0.0002286529772391077,0.7868017501663417,0.21296960313920862
2022-07-14,157.882,161.22,162.59,157.28,158.05,23765200,0.0,5.0,0.0,0.09777743705490138,0.8280882835388184,0.07413427018545918
2022-07-15,164.525,160.54,164.98,159.82,164.7,23342800,0.0,9.0,1.0,0.014682329928473337,0.8688737399876117,0.11644392276029976
2022-07-18,167.053,166.75,171.69,165.64,167.23,23574300,0.0,5.0,2.0,0.0001714624824152062,0.6977532068516926,0.30207532380362473
2022-07-19,175.594,170.37,176.49,169.51,175.78,25933700,1.0,5.0,2.0,0.15635389814542577,0.5988413215964101,0.24480479118983567
2022-07-20,182.896,177.49,183.6,176.7,183.09,24784300,1.0,0.0,1.0,0.49396012168290326,0.008252624422311783,0.4977872740710154
2022-07-21,182.976,180.63,183.85,178.87,183.17,27195800,2.0,3.0,4.0,0.20812924661165905,0.39365624210848993,0.3982145253107269
2022-07-22,169.091,173.07,175.6,168.41,169.27,42583900,0.0,1.0,1.0,0.001092371079721488,0.5360808111727238,0.4628267701373261
2022-07-25,166.473,169.0,170.57,164.81,166.65,26166300,0.0,3.0,0.0,0.0002609357131101812,0.9996015628178915,0.0001374967966209321
2022-07-26,158.981,165.94,166.0,157.95,159.15,28468400,0.0,6.0,1.0,0.0003154657066001424,0.8506038343350936,0.14908067459587723
2022-07-27,169.4,162.59,170.87,162.02,169.58,43846600,8.0,0.0,0.0,0.9864403903484344,0.009855197680735728,0.003704410009959247
2022-07-28,160.55,161.06,161.51,154.85,160.72,73214300,2.0,2.0,2.0,0.295499066214082,0.37684983275054645,0.3276511255122993
2022-07-29,158.931,157.69,160.14,155.17,159.1,42065400,2.0,2.0,0.0,0.4988126374701096,0.5004119619625271,0.0007753878226139932
2022-08-01,159.76,157.25,165.19,155.23,159.93,40596700,1.0,3.0,0.0,0.24989034918962716,0.7110239181783982,0.03908571130523342
2022-08-02,160.02,158.31,162.24,158.01,160.19,27374500,2.0,4.0,0.0,0.2984343989628542,0.6969100451096892,0.004655593142767127
2022-08-03,168.621,162.69,169.54,161.57,168.8,31721900,1.0,5.0,0.0,0.12584607587935656,0.8731279323498408,0.0010259759231606342
2022-08-04,170.389,168.3,172.15,166.8,170.57,23938200,1.0,4.0,0.0,0.19303473662876058,0.7616243343334645,0.045340912466781444
2022-08-05,166.933,166.99,171.61,165.8,167.11,25832700,2.0,3.0,0.0,0.3762954866775544,0.6203594980528578,0.0033450507500674574
2022-08-08,170.07,168.0,177.51,167.13,170.25,27299100,1.0,3.0,0.0,0.14428913557094347,0.8548673316836357,0.0008435564250248717
2022-08-09,168.351,168.95,169.53,166.6,168.53,18655100,0.0,5.0,1.0,0.00023005222586410431,0.8207463114522398,0.17902361524647858
2022-08-10,178.151,175.99,180.48,173.95,178.34,30262100,2.0,4.0,0.0,0.3106784255687671,0.6829255648578206,0.006395998826822809
2022-08-11,177.302,179.71,183.1,176.37,177.49,24079100,0.0,4.0,1.0,0.007208917656680569,0.7926863404281903,0.20010472833891982
2022-08-12,180.309,180.81,181.46,178.91,180.5,21274000,0.0,7.0,2.0,0.0005697942591117074,0.7772504239951054,0.2221797684469493
2022-08-15,180.698,178.96,181.44,178.2,180.89,15878700,0.0,7.0,1.0,0.00159026581195576,0.8734048951300792,0.12500483632129544
2022-08-16,179.28,179.44,180.99,177.04,179.47,21156700,0.0,7.0,1.0,0.00839640826370669,0.8089276505634189,0.18267596430450794
2022-08-17,174.665,176.76,178.14,174.17,174.85,20118100,1.0,4.0,2.0,0.13714415786203712,0.5771397673109148,0.28571606612136485
2022-08-18,174.475,174.34,175.76,171.86,174.66,18844500,0.0,3.0,0.0,0.0002573734721712147,0.9488861560821533,0.05085645185560376
2022-08-19,167.782,170.2,172.32,167.05,167.96,26240800,2.0,4.0,0.0,0.33481642185506644,0.6192373491358012,0.04594621247936933
2022-08-22,162.877,165.49,165.49,162.26,163.05,19499700,0.0,2.0,1.0,0.00042053476014795404,0.666854852810502,0.33272462922226015
2022-08-23,160.939,162.48,165.05,160.7,161.11,18111800,0.0,6.0,1.0,0.00021167357668413648,0.8568103520332703,0.14297795492426044
2022-08-24,163.087,160.6,165.46,159.77,163.26,20891500,0.0,6.0,0.0,0.002802404707229774,0.9965729812781016,0.0006246141820156481
2022-08-25,168.601,165.18,168.88,164.02,168.78,15550500,1.0,4.0,2.0,0.14526925538094865,0.5660679128736125,0.2886628375480151
2022-08-26,161.609,168.48,170.92,161.67,161.78,24023600,0.0,3.0,0.0,0.00010231726143198709,0.9988189737002054,0.0010786716168998585
2022-08-29,159.001,160.66,163.05,159.01,159.17,20052700,1.0,1.0,0.0,0.4752711510518566,0.5236842203885317,0.0010445926163811237
2022-08-30,156.993,160.35,161.66,155.91,157.16,19567900,0.0,6.0,1.0,0.0003307183251308743,0.8527303258223193,0.14693893208927225
2022-08-31,162.757,167.07,167.84,162.14,162.93,40953000,0.0,3.0,2.0,0.01979876398399938,0.6012575907632709,0.37894363183004315
2022-09-01,165.185,163.58,167.36,160.35,165.36,30145700,1.0,2.0,2.0,0.200589562341338,0.4119629402761348,0.387447489562328
2022-09-02,160.15,167.45,167.93,159.22,160.32,22634200,0.0,4.0,4.0,0.00033507676380395424,0.5284635704156244,0.4712013561420463
2022-09-06,158.372,160.1,161.69,157.69,158.54,19339800,2.0,3.0,1.0,0.2946248962834943,0.42550361591080826,0.2798714828871501
2022-09-07,160.22,157.76,160.96,156.81,160.39,16831200,0.0,4.0,0.0,0.0009663487562647788,0.9929009526968002,0.006132700059424678
2022-09-08,161.888,158.71,162.23,157.74,162.06,22530800,0.0,8.0,0.0,0.04414651032129768,0.9512809813022614,0.004572517424094258
2022-09-09,168.971,163.25,169.54,163.02,169.15,22086800,2.0,1.0,0.0,0.6324381143009911,0.3660246351112922,0.0015372704268277932
2022-09-12,168.781,167.39,171.39,167.28,168.96,23220400,0.0,4.0,2.0,0.002448542833008105,0.700622884867092,0.2969285510262125
2022-09-13,152.968,161.54,161.63,152.67,153.13,44444100,0.0,5.0,0.0,9.374654546263627e-05,0.996877920627594,0.0030283430918643718
2022-09-14,151.309,153.33,153.54,149.05,151.47,43064200,1.0,4.0,0.0,0.20975057909381575,0.7878172226250172,0.0024322228171513418
2022-09-15,149.391,149.8,154.2,148.7,149.55,34606300,2.0,4.0,2.0,0.2287264939054694,0.6127075667027384,0.15856592067348174
2022-09-16,146.135,148.05,148.58,144.29,146.29,40122800,1.0,1.0,0.0,0.4992850849212118,0.5002134250244126,0.000501507573062554
2022-09-19,147.863,145.24,148.58,145.1,148.02,22169500,1.0,0.0,2.0,0.2219113260313558,0.11907826200088796,0.659010428780069
2022-09-20,145.935,145.78,148.84,145.22,146.09,23217400,1.0,4.0,3.0,0.14143852734832763,0.4791045891470276,0.379456885055788
2022-09-21,141.969,146.39,149.6,142.0,142.12,38338600,1.0,0.0,4.0,0.199388471225393,0.0005789700662717223,0.8000325534958392
2022-09-22,142.669,141.55,144.58,140.87,142.82,34418500,2.0,4.0,1.0,0.3528194766726561,0.5029563323395061,0.14422419572136796
2022-09-23,140.261,141.42,142.62,138.89,140.41,31710700,2.0,5.0,1.0,0.2604776724583644,0.6014804274891503,0.13804187831192394
2022-09-26,136.225,140.12,142.24,136.19,136.37,30497000,1.0,1.0,1.0,0.24201292655440435,0.45335209369659424,0.3046349689211638
2022-09-27,134.258,137.92,139.42,134.12,134.4,30826500,0.0,7.0,0.0,0.00490882913124681,0.9897540041378566,0.005337154564456016
2022-09-28,141.46,134.62,142.03,134.27,141.61,32658500,1.0,4.0,0.0,0.14439532853648415,0.8464692831039429,0.009135360865911935
2022-09-29,136.265,139.36,139.84,135.2,136.41,38985400,1.0,4.0,2.0,0.0813372127335502,0.6857117464699384,0.23295106138331384
2022-09-30,135.536,136.05,140.99,135.5,135.68,33166400,1.0,0.0,2.0,0.33230860602634493,0.0014111034106463194,0.6662803268797385
2022-10-03,138.463,137.14,139.62,136.1,138.61,27723100,0.0,2.0,1.0,0.00023682849981317608,0.752454419930776,0.24730875434276336
2022-10-04,140.131,140.49,142.39,139.34,140.28,34670700,3.0,4.0,1.0,0.297363923777084,0.5735061879277055,0.12912987166419043
2022-10-05,138.833,138.24,140.21,134.78,138.98,27979300,1.0,3.0,0.0,0.24325397700886242,0.7418893547728658,0.014856689743282914
2022-10-06,138.923,137.72,141.45,136.6,139.07,36231100,2.0,3.0,1.0,0.34048977852459456,0.4920088664366631,0.1675013433056544
2022-10-07,133.309,136.76,138.29,132.44,133.45,33214800,3.0,2.0,0.0,0.5977452505554538,0.4004692845977843,0.001785442273830995
2022-10-11,128.404,131.62,132.66,126.99,128.54,38481400,1.0,5.0,3.0,0.11862281431361528,0.5482995990249846,0.33307759478338994
2022-10-12,127.365,128.32,129.67,126.25,127.5,34605200,0.0,5.0,0.0,0.0003255227173212916,0.8741231679916381,0.12555128056337708
2022-10-13,130.152,123.53,131.14,122.53,130.29,34325700,1.0,5.0,1.0,0.14310966797139762,0.7071790310520945,0.14971132902844278
2022-10-14,126.626,131.0,131.79,126.52,126.76,23559400,1.0,0.0,2.0,0.21525141531795575,0.12560426567991576,0.6591443114448339
2022-10-17,133.898,130.3,134.79,130.18,134.04,29612200,1.0,0.0,0.0,0.997452437877655,0.0019834288395941257,0.0005641147727146745
2022-10-18,132.659,137.09,137.84,131.4,132.8,25445000,1.0,8.0,1.0,0.10038896818587091,0.7727280234917998,0.12688299579749582
2022-10-19,133.089,132.89,137.0,132.22,133.23,30691000,0.0,2.0,1.0,0.00013230653712525964,0.6689527615283927,0.33091491933252354
2022-10-20,131.391,132.93,136.77,131.31,131.53,26356300,1.0,5.0,1.0,0.11645501796426418,0.7799005934170314,0.10364438582057899
2022-10-21,129.872,126.31,130.12,125.44,130.01,46348600,2.0,2.0,1.0,0.39925374446465867,0.400889531057328,0.19985672751208766
2022-10-24,129.583,127.25,133.48,124.57,129.72,63563400,3.0,2.0,0.0,0.5581018830867833,0.4187079624272883,0.02319014575332403
2022-10-25,137.364,130.88,138.35,130.59,137.51,38433200,2.0,3.0,0.0,0.38454235393292036,0.5869460655609146,0.028511564445216207
2022-10-26,129.682,131.68,135.55,128.53,129.82,82791500,8.0,1.0,0.0,0.8741942425274627,0.12517206349487728,0.0006337025657153896
2022-10-27,97.836,97.98,102.5,96.38,97.94,232316600,7.0,0.0,0.0,0.993565389088222,0.005682690326856183,0.0007519067897062216
2022-10-28,99.095,99.58,100.85,97.51,99.2,95928300,1.0,1.0,1.0,0.3329597108095186,0.3337078915210441,0.33333240152084426
2022-10-31,93.061,98.22,99.32,92.6,93.16,121361400,2.0,1.0,1.0,0.49981025539455004,0.27461345843039453,0.22557627972128103
2022-11-01,95.099,94.33,97.49,93.55,95.2,110189600,0.0,3.0,3.0,0.00026781780252349563,0.5193969977553934,0.4803351987023537
2022-11-02,90.444,94.21,95.2,90.48,90.54,71821100,2.0,1.0,2.0,0.4002751529449597,0.18888653714675457,0.41083832705626266
2022-11-03,88.816,90.08,90.46,88.41,88.91,60664000,5.0,2.0,0.0,0.650895231020903,0.3012236872538259,0.047881088405119954
2022-11-04,90.694,90.35,91.39,88.09,90.79,55638100,0.0,2.0,1.0,0.0007012495916569605,0.6664019273302983,0.3328967991983518
2022-11-07,96.617,94.78,96.88,93.1,96.72,81987300,2.0,2.0,1.0,0.39591127337916987,0.40385338992346076,0.20023532771956526
2022-11-08,96.368,95.92,97.8,94.79,96.47,52088300,1.0,3.0,1.0,0.2001314912602538,0.6012119349557906,0.1986565626328229
2022-11-09,101.362,101.72,104.9,100.74,101.47,107677300,8.0,2.0,0.0,0.7766515606548637,0.21759795317193492,0.005750469901249744
2022-11-10,111.751,107.12,112.75,104.61,111.87,80671000,5.0,3.0,0.0,0.6279654520412805,0.37072882446227595,0.0013057132991889375
2022-11-11,112.9,109.23,114.9,108.81,113.02,59961700,1.0,0.0,1.0,0.29261247922840994,0.22179228533059359,0.4855952584184706
2022-11-14,114.099,110.99,116.27,110.8,114.22,53395000,4.0,3.0,1.0,0.5415305430765329,0.3404429929505568,0.11802645995339844
2022-11-15,116.956,116.07,118.74,114.41,117.08,50670500,2.0,4.0,1.0,0.281198530637734,0.5691582659367539,0.1496432088461006
2022-11-16,113.11,114.5,116.08,112.66,113.23,33287800,0.0,3.0,2.0,0.00014528757164953277,0.5997698257560842,0.40008484594436594
2022-11-17,111.332,110.41,112.33,109.8,111.45,35093800,0.0,7.0,1.0,0.02118269793481886,0.853149975904671,0.125667325752147
2022-11-18,111.931,113.8,114.32,110.62,112.05,33357700,2.0,2.0,0.0,0.41177192736540746,0.566033510491252,0.02219457794126356
2022-11-21,109.744,111.52,112.37,109.19,109.86,24351100,3.0,0.0,1.0,0.692399723771814,0.05633812671294436,0.2512621414643945
2022-11-22,111.322,109.86,111.62,108.32,111.44,29029000,2.0,5.0,0.0,0.2927725064780264,0.7064635584663067,0.0007639577223536824
2022-11-23,112.121,111.72,112.67,110.73,112.24,21343100,0.0,3.0,1.0,0.13611846051935572,0.5798322129994631,0.28404932643752545
2022-11-25,111.292,111.3,112.73,111.02,111.41,12007600,0.0,1.0,0.0,0.00011547750182216987,0.9992278814315796,0.0006565882940776646
2022-11-28,108.665,110.78,112.04,108.38,108.78,23309400,5.0,5.0,0.0,0.4744911784939177,0.4727622670121491,0.05274657025183842
2022-11-29,109.344,109.54,110.94,108.54,109.46,23899200,2.0,1.0,2.0,0.4261509592877701,0.3023068126756698,0.27154222003300676
2022-11-30,117.975,109.51,118.16,109.38,118.1,43348600,2.0,4.0,0.0,0.33257189054650854,0.667052117739028,0.0003760078094880252
2022-12-01,120.312,119.2,121.2,118.4,120.44,36551400,1.0,3.0,2.0,0.23037015688896645,0.43615734852695215,0.33347247597703245
2022-12-02,123.359,117.83,124.04,117.61,123.49,39950500,0.0,1.0,2.0,0.010977409576298669,0.32588800229132175,0.6631345952434154
2022-12-05,122.3,121.75,124.67,121.35,122.43,35474900,1.0,2.0,0.0,0.29768380177362513,0.6916399374604225,0.010676271015351327
2022-12-06,113.999,119.91,120.55,113.74,114.12,43689200,1.0,3.0,2.0,0.20388279617327498,0.4627892942492811,0.3333279008414441
2022-12-07,113.809,113.76,115.88,112.88,113.93,29461100,1.0,4.0,1.0,0.17197882449424165,0.6708683617859302,0.1571528424768379
2022-12-08,115.208,116.39,117.34,114.59,115.33,30619400,0.0,5.0,0.0,0.0122683066962054,0.9840023875236511,0.003729305746674072
2022-12-09,115.777,115.3,117.54,113.87,115.9,26033400,1.0,2.0,2.0,0.19787711854733062,0.4036529913544655,0.3984698661515722
2022-12-12,114.588,115.18,115.72,113.14,114.71,24747100,1.0,4.0,0.0,0.2138218313411926,0.7684440724086017,0.01773408482258674
2022-12-13,120.023,122.13,123.3,118.64,120.15,44701100,0.0,4.0,1.0,0.11501152337004897,0.6825253537506797,0.2024630801170133
2022-12-14,121.461,119.39,124.14,119.39,121.59,36922000,0.0,6.0,0.0,0.09235348088259343,0.9044007956981659,0.003245714952451332
2022-12-15,116.027,118.33,118.63,114.01,116.15,34531000,1.0,7.0,0.0,0.12588025723562168,0.8673263437231071,0.0067933907016595185
2022-12-16,119.303,120.23,123.31,118.82,119.43,67064000,1.0,1.0,0.0,0.4966036633850308,0.5028669722378254,0.0005294081165629905
2022-12-19,114.359,116.83,117.8,114.33,114.48,29769900,4.0,2.0,1.0,0.53224383765025,0.3260975815355778,0.14165858389709943
2022-12-20,116.966,113.26,117.33,112.46,117.09,28742500,5.0,3.0,0.0,0.5721296737820012,0.4251469425216783,0.002723354256431776
2022-12-21,119.633,116.7,120.34,115.62,119.76,20392800,1.0,4.0,0.0,0.17562169243901735,0.8140949815511703,0.010283326745411613
2022-12-22,116.996,117.2,118.62,114.38,117.12,23618100,1.0,4.0,0.0,0.10585515526472591,0.893251633644104,0.00089318155660294
2022-12-23,117.915,116.03,118.18,115.54,118.04,17796600,1.0,1.0,6.0,0.12570009253977332,0.22350616498442832,0.6507937312562717
2022-12-27,116.756,117.93,118.6,116.05,116.88,21392300,3.0,2.0,0.0,0.5987126106469077,0.3985045202309266,0.0027829152531921864
2022-12-28,115.497,116.25,118.15,115.51,115.62,19612500,1.0,5.0,1.0,0.15087428729020758,0.702462498298181,0.14666318878257048
2022-12-29,120.133,116.4,121.03,115.77,120.26,22366200,0.0,3.0,1.0,0.00010245818066323409,0.750218982459046,0.2496785704333888
2022-12-30,120.212,118.16,120.42,117.74,120.34,19583800,0.0,3.0,4.0,0.0004408913155202754,0.4247574656370229,0.5748016313300468
2023-01-03,124.608,122.82,126.37,122.28,124.74,35528500,0.0,2.0,0.0,0.011897989068529569,0.9846948385238647,0.0034071912232320756
2023-01-04,127.235,127.38,129.05,125.85,127.37,32397100,3.0,6.0,1.0,0.3258123662279104,0.6156173578463495,0.05857026913945447
2023-01-05,126.805,126.13,128.52,124.54,126.94,25447100,2.0,4.0,0.0,0.3114874073289684,0.6856241662365695,0.002888426443557061
2023-01-06,129.882,128.97,130.33,126.04,130.02,27584500,2.0,1.0,1.0,0.4744497984593181,0.26546691526709765,0.26008330089462106
2023-01-09,129.333,131.16,132.95,129.28,129.47,26649100,1.0,4.0,2.0,0.1823368428906958,0.5289963233268021,0.2886668565624859
2023-01-10,132.849,127.27,133.44,127.15,132.99,28684400,2.0,5.0,0.0,0.27533947008487303,0.7231420414755121,0.001518496716536382
2023-01-11,132.749,130.96,133.85,130.34,132.89,25423000,3.0,2.0,0.0,0.5980383506626822,0.39710179849062116,0.004859850858338177
2023-01-12,136.565,133.44,137.68,131.76,136.71,30757700,1.0,5.0,1.0,0.15272665520127962,0.701395115989726,0.14587820347930705
2023-01-13,136.835,134.97,137.39,134.84,136.98,22423800,1.0,1.0,1.0,0.23940018763338836,0.42912220566843945,0.3314775829445959
2023-01-17,135.217,136.18,136.75,134.25,135.36,21147600,0.0,3.0,1.0,0.026064318973112677,0.7241731455505942,0.2497625667201646
2023-01-18,132.879,135.81,137.25,132.8,133.02,20215500,2.0,2.0,3.0,0.20099383329215925,0.34941121269366704,0.44959494441614617
2023-01-19,136.006,132.49,137.45,132.14,136.15,28625200,2.0,4.0,1.0,0.23438619493962115,0.562084120565227,0.20352968125111406
2023-01-20,139.222,135.89,139.94,134.61,139.37,28688600,0.0,3.0,0.0,0.03132215095198868,0.9680655399958292,0.0006123054166285632
2023-01-23,143.118,139.29,143.76,138.66,143.27,27470100,0.0,1.0,4.0,0.006076080683851614,0.22822788814082742,0.7656960333930328
2023-01-24,142.988,141.69,145.0,141.36,143.14,21970200,0.0,2.0,3.0,0.0003857473042444326,0.3808725193142891,0.6187417485300102
2023-01-25,141.35,141.22,143.17,140.31,141.5,26622000,2.0,4.0,1.0,0.20801437713401225,0.6469596129609272,0.14502597467695263
2023-01-26,147.144,144.4,147.51,143.3,147.3,25482100,1.0,4.0,1.0,0.205088517019855,0.6217177474560837,0.1731937332903423
2023-01-27,151.579,148.24,153.19,147.39,151.74,35771900,0.0,3.0,0.0,5.3149601929665856e-05,0.9998840888341268,6.277585877493645e-05
2023-01-30,146.904,149.41,151.12,146.95,147.06,28040100,3.0,2.0,0.0,0.5267155657071271,0.47095389454625547,0.0023304961709072814
2023-01-31,148.812,147.95,149.88,147.52,148.97,29842100,1.0,3.0,1.0,0.2553196751832729,0.5536673851311207,0.1910129117764882
2023-02-01,152.958,148.03,153.58,147.06,153.12,55661000,3.0,2.0,5.0,0.30274930122504884,0.20024061287476796,0.49701010812859747
2023-02-02,188.57,183.38,197.16,180.16,188.77,150475700,3.0,2.0,4.0,0.3336909073809188,0.1668114655411854,0.499497637029789
2023-02-03,186.332,183.47,196.77,182.89,186.53,76809700,0.0,1.0,0.0,0.0015310741728171706,0.9983205199241638,0.00014833254681434482
2023-02-06,185.863,186.53,190.7,185.52,186.06,42483800,0.0,2.0,3.0,0.012644260725937783,0.3910902007482946,0.5962655600858853
2023-02-07,191.417,185.58,193.78,184.4,191.62,47080700,1.0,6.0,2.0,0.13345250183758456,0.6703250998268939,0.19622238824053462
2023-02-08,183.236,190.0,190.83,182.92,183.43,36139100,0.0,2.0,3.0,0.03647634760127403,0.28868742077611387,0.6748362182639539
2023-02-09,177.731,186.13,186.65,177.27,177.92,37118800,0.0,6.0,2.0,0.008180075173186196,0.7110590029114974,0.2807609526366832
2023-02-10,173.965,176.35,178.89,173.35,174.15,33433600,1.0,3.0,0.0,0.1926288900194777,0.8069343268871307,0.00043679200462065637
2023-02-13,179.24,178.22,181.0,175.82,179.43,31463200,1.0,3.0,1.0,0.18301367945532548,0.6363819882273674,0.18060434254584834
2023-02-14,179.29,177.16,181.51,175.88,179.48,24034600,1.0,2.0,2.0,0.20709182410937502,0.4112900631385855,0.38161815202620347
2023-02-15,176.972,176.42,178.19,175.33,177.16,25308900,3.0,2.0,1.0,0.4949544982767596,0.33725952788760577,0.16778596266158274
2023-02-16,172.257,172.75,175.85,171.79,172.44,25827500,1.0,4.0,2.0,0.14240514118448896,0.5889229773601983,0.26867189131631414
2023-02-17,172.697,170.22,173.18,169.7,172.88,24171300,3.0,2.0,0.0,0.586767727159895,0.40236775917001066,0.010864507427322678
2023-02-21,171.898,174.31,178.17,171.88,172.08,34592600,0.0,4.0,3.0,0.0007956766078547974,0.5948037027514407,0.40440061685460804
2023-02-22,170.939,171.07,172.76,169.69,171.12,22433200,1.0,1.0,3.0,0.25849006611097136,0.22372663394780828,0.5177833145891781
2023-02-23,171.858,172.0,173.69,169.38,172.04,20017800,0.0,3.0,1.0,0.00048686079571780283,0.7420728319120826,0.2574402927612027
2023-02-24,170.209,168.64,170.72,167.66,170.39,19791300,1.0,5.0,3.0,0.11059557201911553,0.5441641939946243,0.3452402187572766
2023-02-27,169.36,171.88,173.12,169.06,169.54,19277000,0.0,5.0,2.0,0.0003517318598044637,0.6477613246866635,0.35188694099529777
2023-02-28,174.755,171.9,177.55,171.87,174.94,46051100,0.0,3.0,1.0,0.06839391489484115,0.731242835521698,0.20036324472312117
2023-03-01,173.236,174.59,177.85,173.05,173.42,30998400,2.0,4.0,2.0,0.2230490003948944,0.5132886935170973,0.2636622896789049
2023-03-02,174.345,172.38,175.01,171.43,174.53,17352000,1.0,1.0,0.0,0.48661976703442633,0.5116043370217085,0.0017759301117621362
2023-03-03,185.054,178.92,186.62,177.05,185.25,45877700,2.0,3.0,4.0,0.23229616043520057,0.30629719131684396,0.4614066456302276
2023-03-06,184.704,188.0,189.66,184.64,184.9,33209400,0.0,1.0,1.0,0.00020266323917894624,0.5000821577559691,0.4997151728348399
2023-03-07,184.314,189.0,190.36,184.01,184.51,36701500,3.0,2.0,3.0,0.28524022441160923,0.33052984088590165,0.3842299328316585
2023-03-08,184.774,182.87,185.26,181.34,184.97,19432400,2.0,3.0,0.0,0.39796026155236175,0.5975592857226729,0.004480430253170198
2023-03-09,181.497,186.35,188.93,180.3,181.69,26582800,1.0,2.0,1.0,0.18786401270335773,0.5689717661589384,0.2431642134906724
2023-03-10,179.32,181.01,184.77,178.8,179.51,25665000,1.0,5.0,0.0,0.15738052394954138,0.840636694803834,0.0019827978734004623
2023-03-14,193.814,187.58,194.32,186.56,194.02,41642600,9.0,1.0,0.0,0.8839225113391876,0.10846899379976094,0.007608518219785765
2023-03-15,197.54,192.95,197.78,190.84,197.75,42123600,1.0,3.0,1.0,0.2375365504529327,0.5560393029154511,0.20642417137423763
2023-03-16,204.713,198.26,205.76,196.09,204.93,50447100,1.0,2.0,1.0,0.2581763630732894,0.48465705939452164,0.25716657147859223
2023-03-17,195.403,200.56,201.9,195.43,195.61,50141100,0.0,5.0,1.0,0.0008005696132992549,0.823305307237509,0.17589412598802787
2023-03-20,197.6,198.48,199.36,193.64,197.81,25186300,3.0,1.0,2.0,0.4872176669935773,0.19181999217835255,0.32096232538848807
2023-03-21,201.946,203.2,203.55,197.95,202.16,31827000,1.0,2.0,1.0,0.32703877836320316,0.4284044993110001,0.24455668620066717
2023-03-22,199.598,202.5,207.37,199.67,199.81,28477800,0.0,4.0,2.0,0.0004747832487434304,0.6664949979167432,0.3330302605936595
2023-03-23,204.063,202.84,207.88,202.15,204.28,27389700,0.0,2.0,3.0,0.00041254949173890053,0.39981418551615205,0.5997732423900743
2023-03-24,205.792,205.18,207.58,203.55,206.01,27716400,0.0,4.0,0.0,0.06188934951387637,0.9377696365118027,0.0003410103508940665
2023-03-27,202.625,204.81,205.86,201.36,202.84,18527200,0.0,0.0,3.0,0.056291667603848815,0.002701887317622701,0.9410064419110616
2023-03-28,200.467,200.15,201.03,197.9,200.68,19127300,2.0,5.0,0.0,0.3169555546119227,0.6400138335136164,0.04303060284863542
2023-03-29,205.132,203.56,205.72,202.54,205.35,18851100,1.0,4.0,0.0,0.16009457403342822,0.8385354816913605,0.001369959612202365
2023-03-30,207.62,203.38,208.09,202.82,207.84,22608300,3.0,4.0,1.0,0.3292024341999422,0.5231190841877833,0.1476784803217015
2023-03-31,211.715,207.24,212.17,206.77,211.94,25440300,1.0,1.0,0.0,0.4976674529025331,0.3546267962665297,0.1477057528682053
2023-04-03,212.844,208.84,213.49,208.2,213.07,17924600,1.0,0.0,0.0,0.9964290261268616,0.0028895705472677946,0.0006814571679569781
2023-04-04,214.492,213.39,216.24,212.54,214.72,21026400,3.0,5.0,1.0,0.34087742397807436,0.5302543632440373,0.12886821371082785
2023-04-05,211.256,214.15,215.19,209.94,211.48,19396600,0.0,3.0,2.0,0.08037240747362376,0.5199941046594176,0.39963346545482636
2023-04-06,215.871,209.25,216.94,208.65,216.1,26104400,1.0,2.0,3.0,0.16475237880149507,0.3798300843918696,0.4554175035367128
2023-04-10,214.522,214.71,215.66,210.66,214.75,16106100,1.0,5.0,1.0,0.13935115325563988,0.7166655713756752,0.14398327031605213
2023-04-11,213.623,215.48,216.02,213.41,213.85,16710100,1.0,1.0,1.0,0.3318576735109673,0.33504556577342254,0.33309673394978745
2023-04-12,213.773,214.84,216.84,212.58,214.0,18972200,3.0,3.0,2.0,0.3769329821766405,0.36193748444202356,0.26112953836673114
2023-04-13,220.116,215.73,221.15,215.69,220.35,23310400,1.0,3.0,2.0,0.2222858595002132,0.4451841449481435,0.3325299857939778
2023-04-14,221.255,217.88,222.11,217.55,221.49,21591200,1.0,3.0,3.0,0.17282466967818827,0.406039000236238,0.42113630722555434
2023-04-17,218.628,219.79,220.98,217.13,218.86,15481900,0.0,2.0,1.0,0.000540426372026559,0.6940971637765566,0.3053624310947877
2023-04-18,217.659,219.91,220.44,216.21,217.89,12281000,1.0,5.0,1.0,0.16821816939045675,0.6551379203862909,0.17664388266712194
2023-04-19,215.471,213.47,217.33,212.93,215.7,15898100,6.0,2.0,1.0,0.6022822380554216,0.31100059961641413,0.08671718131558413
2023-04-20,212.844,213.48,216.75,212.77,213.07,16475400,5.0,2.0,2.0,0.550734365436559,0.26533934048752095,0.18392632752430574
2023-04-21,212.664,210.21,213.41,209.58,212.89,17717200,0.0,1.0,0.0,0.04862667992711067,0.9488276243209839,0.002545614494010806
2023-04-24,212.564,213.68,213.92,210.71,212.79,15750900,2.0,2.0,0.0,0.499380424618721,0.49991356577083934,0.0007060505304252729
2023-04-25,207.33,210.82,211.26,207.13,207.55,19198200,2.0,4.0,0.0,0.3258203512656716,0.6738803069844531,0.0002993054331454914
2023-04-26,209.178,212.5,214.11,208.88,209.4,41992700,2.0,0.0,7.0,0.22052485906654815,0.00045931339142650057,0.7790158179575681
2023-04-27,238.307,239.89,241.69,236.77,238.56,71196500,1.0,1.0,7.0,0.11284841071109339,0.18066835017169877,0.7064832411965148
2023-04-28,240.065,239.01,240.43,235.75,240.32,39554000,1.0,0.0,0.0,0.7756522297859192,0.22167035937309265,0.0026774522848427296
2023-05-01,242.922,238.62,244.0,236.46,243.18,29143900,1.0,3.0,2.0,0.16585684947979948,0.5003458744007124,0.333797245534394
2023-05-02,238.986,243.18,244.92,238.99,239.24,24350100,1.0,1.0,2.0,0.24560235601165914,0.2588175507262349,0.495580084665562
2023-05-03,236.779,239.47,241.75,232.75,237.03,34463900,4.0,4.0,1.0,0.4046905968094102,0.4387793950219121,0.15653000467136735
2023-05-04,233.272,236.06,238.2,232.93,233.52,17889400,3.0,1.0,2.0,0.4849980708459043,0.1601358115937425,0.3548661207702632
2023-05-05,232.533,232.24,234.68,229.85,232.78,26978900,0.0,4.0,2.0,0.0008101802474508683,0.6901659672924628,0.30902384803569777
2023-05-08,233.023,231.42,235.62,230.27,233.27,16400500,1.0,3.0,0.0,0.12030884038176737,0.824239045381546,0.0554520796322322
2023-05-09,233.123,231.46,235.88,231.08,233.37,16865600,1.0,4.0,3.0,0.15928691561475716,0.4896416423871415,0.351071441199565
2023-05-10,232.833,236.17,236.75,230.72,233.08,19119000,1.0,3.0,0.0,0.18259703646981507,0.8078592792153358,0.00954369714600034
2023-05-11,235.54,233.05,238.21,232.3,235.79,20449000,1.0,4.0,1.0,0.16610242640429837,0.656075318537963,0.17782224868885046
2023-05-12,233.562,236.74,236.96,231.45,233.81,16155300,0.0,2.0,3.0,0.002646396814088803,0.45416115898406134,0.5431924280244858
2023-05-15,238.607,236.92,240.26,235.33,238.86,20653200,0.0,5.0,1.0,0.03239339261017449,0.8029427193105221,0.1646638811119677
2023-05-16,238.567,235.79,239.64,235.52,238.82,18163800,0.0,3.0,1.0,0.0004624800039891852,0.727173223378486,0.272364281566297
2023-05-17,242.233,238.45,243.84,238.14,242.49,21193100,3.0,2.0,5.0,0.26984943729112276,0.21286569791845977,0.5172848568530753
2023-05-18,246.588,241.3,247.09,241.19,246.85,22943300,1.0,6.0,3.0,0.06458173253631685,0.6296585558971856,0.3057597139169957
2023-05-22,248.057,245.41,253.57,245.12,248.32,27738500,8.0,0.0,1.0,0.8581102334202215,0.02553884853194985,0.11635092993836021
2023-05-24,248.946,245.28,249.59,244.95,249.21,17724300,7.0,2.0,0.0,0.7007304567450774,0.2784617050136957,0.020807837917851027
2023-05-25,252.422,253.4,255.62,249.17,252.69,22371400,1.0,1.0,0.0,0.6691553294658661,0.321785032749176,0.009059677831828594
2023-05-26,261.762,252.93,262.31,252.71,262.04,25727200,3.0,2.0,2.0,0.41316779619124383,0.291342585908881,0.2954896172263294
2023-05-30,262.242,265.25,268.65,261.29,262.52,23816500,0.0,1.0,3.0,0.00023986835003597662,0.25149248101661215,0.7482676620929851
2023-05-31,264.439,260.0,265.0,258.45,264.72,25473700,4.0,2.0,0.0,0.6478087071615543,0.3503814684227109,0.0018098140814496826
2023-06-01,272.321,265.9,274.0,265.89,272.61,25609500,1.0,5.0,3.0,0.11714761732057216,0.47270307045740384,0.41014927179801614
2023-06-02,272.321,272.66,275.35,271.12,272.61,19405300,0.0,1.0,1.0,0.000589240291446913,0.5160897243767977,0.48332100902916864
2023-06-05,271.102,270.3,275.57,269.56,271.39,20742900,1.0,3.0,2.0,0.16699788689584238,0.5252709312480874,0.30773123451217543
2023-06-06,270.833,270.14,276.57,269.69,271.12,19419000,0.0,2.0,1.0,0.03733028807134057,0.6292934630376598,0.3333762013935484
2023-06-07,263.321,271.67,274.25,262.8,263.6,26163600,0.0,3.0,2.0,0.0003307249964564107,0.6184400376630947,0.3812292323447764
2023-06-08,264.3,260.62,267.65,258.88,264.58,20899400,0.0,5.0,1.0,0.007426761335712702,0.8263879864825867,0.16618523623522682
2023-06-09,264.669,262.48,267.95,261.7,264.95,16938500,2.0,1.0,0.0,0.6465634245541878,0.35184055677382275,0.00159599689989894
2023-06-12,270.763,267.17,271.75,265.33,271.05,15442500,1.0,1.0,2.0,0.1890431651754625,0.3457560621027369,0.4652007506765585
2023-06-13,271.032,274.88,275.72,269.09,271.32,16164000,0.0,4.0,2.0,0.00031377296545542777,0.6704191237028377,0.3292671140952734
2023-06-14,273.06,271.89,274.99,268.32,273.35,19175100,0.0,4.0,1.0,0.0011368908890290186,0.7213138126768172,0.2775492819477222
2023-06-15,281.531,272.3,283.99,271.42,281.83,25973500,2.0,5.0,0.0,0.310168623734041,0.6880202816267099,0.0018110888460276847
2023-06-16,280.702,284.75,287.85,280.13,281.0,43102500,2.0,3.0,2.0,0.35179960488624473,0.42839135099867626,0.21980906222701638
2023-06-20,284.029,278.73,284.8,276.22,284.33,20701600,1.0,5.0,2.0,0.12614742939877033,0.6190009728470613,0.254851567769947
2023-06-21,281.342,283.53,284.0,278.36,281.64,20556200,0.0,0.0,2.0,0.0002936196106020361,0.00020091969781788066,0.999505490064621
2023-06-22,284.578,279.08,285.26,277.79,284.88,17563100,1.0,4.0,3.0,0.1518944139661471,0.49388460599584505,0.3542209781871861
2023-06-23,288.424,281.51,289.67,278.95,288.73,50988400,1.0,3.0,1.0,0.19883181654149668,0.5609519629739225,0.2402161992606125
2023-06-26,278.175,288.7,289.79,277.6,278.47,24232700,0.0,4.0,1.0,0.00039162961475085466,0.8573155164718628,0.14229287574562477
2023-06-27,286.746,282.01,289.35,280.65,287.05,26108300,1.0,6.0,2.0,0.12002787754641354,0.6333648704118483,0.2466072365847746
2023-06-28,284.988,284.82,289.55,284.06,285.29,16722100,0.0,1.0,1.0,0.0006030814402038231,0.5029141567647457,0.49648277374217287
2023-06-29,281.232,284.5,286.57,280.69,281.53,15395700,0.0,4.0,3.0,0.0009088292790693231,0.5510437347527061,0.44804746718364186
2023-06-30,286.676,284.76,289.05,284.42,286.98,19676000,0.0,10.0,0.0,0.004910721943815588,0.961945402622223,0.03314390082778118
2023-07-03,285.717,286.7,289.4,284.85,286.02,8629300,0.0,3.0,0.0,6.936900293415722e-05,0.9996354977289835,0.0002951243974772903
2023-07-05,294.058,287.65,298.12,286.36,294.37,33865500,0.0,4.0,0.0,0.0026476778930373257,0.9451594650745392,0.052192869858117774
2023-07-06,291.681,295.89,298.12,291.31,291.99,47600500,0.0,4.0,3.0,0.022748704548056203,0.5964353523751404,0.38081593546407283
2023-07-07,290.222,292.18,296.2,288.66,290.53,25546200,0.0,4.0,2.0,0.045301057954323674,0.6165287824696861,0.33817014353311
2023-07-10,293.788,295.55,298.13,287.05,294.1,37058300,1.0,6.0,0.0,0.12101618739013377,0.8695461473294667,0.009437664552284073
2023-07-11,297.974,293.9,300.18,291.9,298.29,27585900,2.0,2.0,0.0,0.4965875274501741,0.5014777937321924,0.0019346486660651863
2023-07-12,309.012,301.75,309.45,300.1,309.34,36677100,0.0,7.0,0.0,0.01808821572818228,0.9813892926488604,0.0005225159111432731
2023-07-13,313.078,313.62,316.24,310.29,313.41,30281000,2.0,2.0,3.0,0.27512276641937206,0.29590045231244794,0.4289768008514199
2023-07-14,308.543,311.79,314.88,307.36,308.87,22576000,2.0,0.0,1.0,0.6285828117737159,0.03758057940285653,0.33383661954818916
2023-07-17,310.291,307.54,311.71,304.71,310.62,25323100,1.0,3.0,2.0,0.22207123149200925,0.4503307557509591,0.327598034155623
2023-07-18,311.719,310.88,314.2,307.62,312.05,20764600,3.0,2.0,3.0,0.2160975528840936,0.3809749921638286,0.4029274533240823
2023-07-19,315.675,313.03,318.68,310.52,316.01,21763700,2.0,5.0,0.0,0.2512276687973229,0.7034729567822069,0.04529934988490173
2023-07-20,302.199,313.5,315.54,302.22,302.52,23836900,2.0,3.0,1.0,0.337125998577297,0.49698831264201243,0.16588569562372868
2023-07-21,293.948,304.57,305.46,291.2,294.26,42089700,1.0,3.0,1.0,0.1998478469598922,0.5946733887365554,0.2054787531727925
2023-07-24,291.301,295.78,297.52,288.3,291.61,24915700,1.0,3.0,1.0,0.19977059928351082,0.5789115612860769,0.2213178307560156
2023-07-25,294.158,295.19,298.3,291.86,294.47,19585600,3.0,4.0,1.0,0.2816795811149859,0.5856210306628782,0.13269937749828387
2023-07-26,298.254,301.19,301.77,291.9,298.57,47256900,1.0,0.0,8.0,0.11118010208560412,0.009384306024003308,0.8794355752308749
2023-07-27,311.38,325.12,325.35,309.84,311.71,64229200,1.0,4.0,3.0,0.12506252141065488,0.4146350396804337,0.46030247701128246
2023-07-28,325.135,316.88,326.2,314.25,325.48,39220300,0.0,0.0,2.0,0.000257098043221049,0.0005864766717422754,0.9991564452648163
2023-08-01,322.368,317.54,324.14,314.66,322.71,22817900,1.0,6.0,3.0,0.12806842447753297,0.5773823413765058,0.2945492195151019
2023-08-02,313.977,318.0,318.39,310.65,314.31,20461100,0.0,2.0,3.0,0.0015631285088602454,0.39584733713127207,0.6025895515580487
2023-08-03,312.858,309.93,315.95,309.93,313.19,15180200,3.0,4.0,1.0,0.37116529559943956,0.5017588712507859,0.12707581001632207
2023-08-04,310.401,314.96,318.41,310.2,310.73,17600200,1.0,2.0,0.0,0.3277323389435575,0.6662795418718209,0.005988130367768463
2023-08-07,316.224,313.23,317.07,310.46,316.56,16236500,2.0,3.0,1.0,0.32206365053086,0.5095811487990431,0.16835518526446927
2023-08-08,312.309,314.4,317.89,310.11,312.64,15183500,0.0,3.0,2.0,0.02171991560899187,0.5788752914173528,0.39940479827928355
2023-08-09,304.887,312.88,313.63,302.85,305.21,19955800,0.0,4.0,3.0,0.0007773249110739146,0.639235116549701,0.35998755603837446
2023-08-10,305.416,307.94,312.34,303.87,305.74,14358900,1.0,2.0,5.0,0.12952625646084925,0.3026830154558411,0.5677907417007191
2023-08-11,301.32,302.57,304.72,300.36,301.64,13967800,0.0,1.0,1.0,0.00024486421170877293,0.4566950779117178,0.5430600941181183
2023-08-14,305.865,300.98,306.21,298.25,306.19,15641900,1.0,2.0,0.0,0.3070430825488681,0.5523272206385931,0.14062967533027404
2023-08-15,301.63,306.14,307.23,300.03,301.95,11623600,2.0,4.0,2.0,0.24670240190698678,0.4974190561042633,0.255878536272121
2023-08-16,293.978,300.2,301.08,294.28,294.29,18547700,0.0,3.0,1.0,0.0002538211501814658,0.8692961484193802,0.13045001020327618
2023-08-17,284.788,293.05,296.05,284.95,285.09,23950100,3.0,3.0,1.0,0.4264139694901782,0.42435041166442844,0.1492356116188083
2023-08-18,282.95,279.03,285.69,274.38,283.25,34061200,1.0,3.0,2.0,0.16627017969828253,0.5723567256354727,0.2613731306070501
2023-08-21,289.593,283.45,290.5,281.85,289.9,20181500,0.0,1.0,1.0,0.02046322858950589,0.560409352183342,0.4191274158656597
2023-08-22,287.295,292.55,292.9,286.75,287.6,12999900,0.0,3.0,4.0,0.0008238049106564306,0.48066629481451983,0.5185098909111859
2023-08-23,293.928,288.5,297.4,287.67,294.24,18287000,1.0,1.0,0.0,0.4820279147243127,0.27229566872119904,0.24567637738073245
2023-08-24,286.446,298.5,299.46,286.64,286.75,18360900,1.0,5.0,2.0,0.12496637321510207,0.6221904986450681,0.25284313241127165
2023-08-25,285.197,286.13,288.39,276.03,285.5,23701400,1.0,2.0,0.0,0.33303170713285607,0.5893325552654763,0.07763573874156766
2023-08-28,289.952,288.0,291.45,285.8,290.26,14239300,0.0,1.0,0.0,8.349686686415225e-05,0.998757004737854,0.001159470877610147
2023-08-29,297.674,288.58,299.15,288.18,297.99,20844500,0.0,6.0,3.0,0.05267424447892052,0.6192992825704601,0.3280264804626414
2023-08-30,294.787,297.17,298.29,293.43,295.1,17717000,1.0,5.0,1.0,0.11866390517440907,0.7953311545508248,0.08600492295798697
2023-08-31,295.576,295.8,301.1,295.66,295.89,17229900,0.0,2.0,0.0,8.739752593101002e-05,0.9997784495353699,0.00013413986016530544
2023-09-01,296.066,299.37,301.74,294.47,296.38,12819800,1.0,7.0,1.0,0.10369865690396789,0.7648095618933439,0.131491794549624
2023-09-05,299.832,297.02,301.39,295.51,300.15,14956000,1.0,5.0,1.0,0.09368215977000156,0.7631902360423867,0.14312759260532662
2023-09-06,298.853,301.71,303.3,295.66,299.17,15418100,0.0,2.0,3.0,0.13239036698359996,0.3420998000423424,0.525509838887956
2023-09-07,298.353,298.0,307.05,292.22,298.67,33748700,0.0,3.0,3.0,0.00019926864418569798,0.4980177343337952,0.5017829870957939
2023-09-08,297.574,299.22,305.25,296.78,297.89,17548000,0.0,3.0,1.0,0.0017080030702345539,0.7043866440653801,0.2939053074142066
2023-09-11,307.234,301.41,309.04,301.28,307.56,19489300,0.0,3.0,2.0,0.020481128073151923,0.6926212430000305,0.2868976362718968
2023-09-12,301.34,306.33,308.66,300.23,301.66,13480400,0.0,5.0,3.0,0.015839518741813663,0.6090732901775482,0.3750871764950716
2023-09-13,304.737,302.36,307.18,301.32,305.06,13210900,0.0,4.0,0.0,0.00025168765205307864,0.8885416239500046,0.11120671062963083
2023-09-14,311.39,306.74,312.87,305.03,311.72,19343100,0.0,5.0,2.0,0.00015818946589466317,0.7075509565287835,0.2922908581084422
2023-09-15,299.992,311.61,312.0,298.75,300.31,28106400,1.0,4.0,0.0,0.21101655153906904,0.7885055601596832,0.00047790257376618684
2023-09-18,302.229,298.19,303.6,297.8,302.55,14234200,0.0,1.0,3.0,0.04192591470564366,0.209020474623685,0.7490536018449347
2023-09-19,304.747,302.48,306.17,299.81,305.07,15924400,0.0,3.0,5.0,0.0004365816384961363,0.37759186556104396,0.6219715694769548
2023-09-20,299.352,305.05,308.06,299.43,299.67,19379500,1.0,4.0,4.0,0.06891194185098154,0.4746757224040468,0.4564123363994036
2023-09-21,295.417,295.7,300.26,293.27,295.73,21300500,0.0,2.0,0.0,0.00026737669759313576,0.8627651035785675,0.1369674892484909
2023-09-22,298.763,299.3,305.38,298.27,299.08,25369600,1.0,5.0,2.0,0.18513733136114752,0.5651541696861386,0.24970848645534716
2023-09-25,300.511,295.64,300.95,293.7,300.83,18987000,0.0,2.0,1.0,0.0005535372523202872,0.6661640077945776,0.3332824229655671
2023-09-26,298.643,297.66,300.3,296.01,298.96,19417200,1.0,5.0,1.0,0.1589731544154347,0.620773143151642,0.2202536899442618
2023-09-27,297.424,300.45,301.3,286.79,297.74,36429800,0.0,7.0,2.0,0.0003809343502830921,0.7454535780189973,0.2541654445647307
2023-09-28,303.638,298.94,306.33,296.7,303.96,22167100,1.0,3.0,1.0,0.2152389453811338,0.5957099156221375,0.18905113265500403
2023-09-29,299.892,307.38,310.64,299.36,300.21,25356600,0.0,4.0,1.0,0.017799097433453426,0.7662703603680712,0.21593053049291483
2023-10-03,300.621,304.26,306.77,299.64,300.94,17362300,0.0,10.0,0.0,0.03569289928673243,0.9617811143398285,0.0025259993766667322
2023-10-04,305.256,298.73,306.9,298.5,305.58,16880500,0.0,6.0,0.0,9.715856443411515e-05,0.9991235733032227,0.0007792872602294665
2023-10-05,304.467,304.63,306.21,299.5,304.79,19130000,0.0,5.0,1.0,0.020737263732977834,0.8112913271518968,0.16797141146768504
2023-10-06,315.096,301.44,316.31,300.91,315.43,21784000,2.0,3.0,0.0,0.401741774394759,0.579523479565978,0.018734759697690607
2023-10-09,318.023,312.5,320.33,311.82,318.36,22503700,0.0,2.0,5.0,0.0012859108932648919,0.30558768322433544,0.6931264023130227
2023-10-10,321.499,319.12,324.66,318.16,321.84,19038000,0.0,1.0,4.0,0.0006063521170290187,0.20868773037800564,0.7907059147953988
2023-10-11,327.473,323.01,328.84,322.95,327.82,22036300,2.0,2.0,1.0,0.2788718484516721,0.5188047055562492,0.20232348289573565
2023-10-12,323.816,328.0,330.54,322.69,324.16,20530500,0.0,3.0,2.0,0.0001436067330359947,0.5999723364919192,0.3998840385916992
2023-10-13,314.356,323.53,325.05,312.37,314.69,21341000,0.0,5.0,2.0,0.0021743794578859316,0.7055310334960397,0.29229457459379254
2023-10-16,320.81,318.64,321.82,315.52,321.15,16536100,2.0,2.0,0.0,0.4719983449067513,0.5273928293026984,0.0006088214686315041
2023-10-17,323.657,318.18,324.4,317.3,324.0,16387800,1.0,4.0,2.0,0.14268958602925913,0.5662547671568713,0.29105562153355485
2023-10-18,316.634,321.39,325.94,315.56,316.97,16851000,0.0,6.0,2.0,0.00810319919628455,0.7417324503976488,0.2501643689938646
2023-10-19,312.478,319.88,321.89,311.75,312.81,18709200,0.0,6.0,0.0,0.0011440602283983026,0.9881022572517395,0.010753674772786326
2023-10-20,308.323,314.14,315.3,306.47,308.65,22287400,0.0,2.0,2.0,0.052434893399549765,0.45854768331628293,0.4890174331203525
2023-10-24,312.219,316.78,318.35,310.63,312.55,19525500,2.0,6.0,2.0,0.20559593465004583,0.6290222734562121,0.16538177602924406
2023-10-25,299.213,310.0,310.88,298.84,299.53,42192500,2.0,0.0,5.0,0.2418297566473484,0.04373569645291094,0.7144345513744546
2023-10-26,288.044,295.0,295.0,279.4,288.35,66684100,3.0,3.0,2.0,0.355313392458811,0.4314768237172757,0.21320977421055431
2023-10-27,296.415,294.48,299.31,292.97,296.73,29596300,1.0,1.0,0.0,0.41907911821908783,0.500891647010576,0.08002923331514467
2023-10-30,302.339,299.09,309.4,299.05,302.66,28435100,0.0,6.0,1.0,0.00015065813879898217,0.8575287410723311,0.14232059372911213
2023-10-31,300.951,303.31,303.68,296.86,301.27,19434200,1.0,3.0,1.0,0.25138797956460623,0.5476225703721866,0.20098943440243602
2023-11-01,311.519,301.85,312.74,301.85,311.85,20434600,0.0,6.0,0.0,0.08723453473430709,0.8997629880905151,0.01300245864452639
2023-11-02,310.54,317.3,318.82,308.33,310.87,21631800,0.0,3.0,0.0,0.00020258675067452714,0.9708619515101115,0.028935429134435253
2023-11-03,314.267,312.55,315.55,311.02,314.6,16754100,0.0,5.0,2.0,0.05264788862405112,0.7306144306702274,0.2167376525306151
2023-11-06,315.465,315.98,318.33,314.45,315.8,12887700,0.0,3.0,0.0,0.014915488514816388,0.9813783566157023,0.003706118557602167
2023-11-07,318.482,317.06,321.0,315.12,318.82,14055600,1.0,6.0,0.0,0.17924918729113415,0.8192376058016505,0.0015132250326652347
2023-11-08,319.441,318.14,321.33,314.88,319.78,13609700,0.0,6.0,1.0,0.001502324957982637,0.8544929750330214,0.144004718323101
2023-11-09,320.21,319.42,324.18,318.8,320.55,16103100,1.0,1.0,4.0,0.16322425982313385,0.19167364147627572,0.645102098942516
2023-11-10,328.422,319.94,329.1,319.46,328.77,19096200,0.0,3.0,2.0,0.0008181319732102566,0.5970371414005058,0.40214475309767295
2023-11-13,328.841,326.2,332.33,325.7,329.19,16908900,0.0,4.0,2.0,0.040034684676356846,0.6326373491392587,0.3273279488591167
2023-11-14,335.954,334.54,338.1,333.33,336.31,17179400,0.0,1.0,3.0,0.07302508859902446,0.4507733520877082,0.47620156714401674
2023-11-15,332.357,337.93,338.4,330.02,332.71,14531200,0.0,6.0,1.0,0.04069939416409137,0.8144228953918043,0.14487772809349866
2023-11-16,333.836,329.37,334.58,326.38,334.19,18932600,0.0,3.0,3.0,0.0005644540785093947,0.4987394026732848,0.5006961227566838
2023-11-17,334.685,330.26,335.5,329.35,335.04,14494400,0.0,2.0,2.0,0.021799803040266852,0.509133902436588,0.4690662673947372
2023-11-20,339.61,334.89,341.87,334.19,339.97,16960500,1.0,0.0,1.0,0.492647325823782,0.006816068780608475,0.5005366147961468
2023-11-21,336.623,338.33,339.9,335.9,336.98,12027900,0.0,6.0,2.0,0.025031795672930457,0.6639538628805894,0.3110143595858972
2023-11-22,341.128,339.21,342.92,338.58,341.49,10702700,0.0,2.0,0.0,0.0001076971529982984,0.9996863603591919,0.00020594577654264867
2023-11-27,334.345,336.18,339.9,334.2,334.7,15684500,0.0,6.0,1.0,0.034784076471363994,0.8208207748747165,0.14439514760618163
2023-11-28,338.631,333.4,339.38,333.4,338.99,12637200,0.0,4.0,1.0,0.0015643158010789193,0.8321927726268769,0.16624288741222698
2023-11-29,331.848,339.69,339.9,330.78,332.2,16024500,0.0,5.0,0.0,0.0011354228510754183,0.9803326725959778,0.018531896625063382
2023-11-30,326.803,331.89,333.5,322.4,327.15,23146400,1.0,5.0,3.0,0.09158131732450177,0.5024079224482799,0.4060107536727931
2023-12-01,324.476,325.48,326.86,320.76,324.82,15264700,1.0,3.0,0.0,0.3504345257388195,0.5203667662572116,0.12919874287035782
2023-12-04,319.681,317.29,320.86,313.66,320.02,19037100,1.0,3.0,2.0,0.1835021528895595,0.4871843839258266,0.32931346643939224
2023-12-05,317.953,318.98,321.88,315.39,318.29,16952100,0.0,2.0,0.0,6.773681525373831e-05,0.9997959434986115,0.0001363125156785827
2023-12-06,317.114,321.93,322.25,317.04,317.45,11294300,1.0,7.0,1.0,0.1504849652838958,0.6752776014618576,0.1742374213224846
2023-12-07,326.244,317.77,328.24,317.77,326.59,15905100,1.0,4.0,3.0,0.11531100809224881,0.509958453985746,0.37473053381427235
2023-12-08,332.397,323.09,333.17,323.0,332.75,14077500,1.0,1.0,0.0,0.4807811147256871,0.506547593511641,0.012671222211793065
2023-12-11,324.935,329.4,329.89,320.0,325.28,25802500,1.0,2.0,1.0,0.18495853941476526,0.5489758006297052,0.2660656923553688
2023-12-12,333.866,324.6,334.47,324.56,334.22,18485500,2.0,3.0,1.0,0.31245881886570714,0.5150388184313973,0.1725023784407919
2023-12-13,334.385,333.93,338.37,332.64,334.74,16353300,1.0,3.0,1.0,0.20036015463992954,0.5900692701339721,0.20957059208012652
2023-12-14,332.817,333.85,334.7,328.64,333.17,19607300,2.0,2.0,2.0,0.3330002937000245,0.331002553847308,0.335997153869054
2023-12-15,334.565,331.99,338.66,331.22,334.92,30001600,1.0,1.0,1.0,0.33560128865550115,0.3739069747971371,0.29049173077995266
2023-12-18,344.255,337.48,347.56,337.02,344.62,18993900,0.0,6.0,4.0,0.0002749720646534115,0.5843747075879946,0.415350325377949
2023-12-19,349.989,345.58,353.6,345.12,350.36,17729400,0.0,4.0,3.0,0.00505677169712726,0.5387575117264143,0.45618571559212534
2023-12-20,348.91,348.65,354.96,347.79,349.28,16369900,1.0,6.0,0.0,0.1263331732968384,0.8707605791943414,0.002906232335850031
2023-12-21,353.715,352.98,356.41,349.21,354.09,15289600,1.0,4.0,0.0,0.18797588342276866,0.7576785445213318,0.05434558266497334
2023-12-22,353.015,355.58,357.2,351.22,353.39,11764200,2.0,3.0,0.0,0.37400658365077105,0.6241452798247338,0.0018481428734958172
2023-12-26,354.454,354.99,356.98,353.45,354.83,9898600,0.0,1.0,1.0,0.0004193406057311222,0.4930144427198684,0.5065661924891174
2023-12-27,357.451,356.07,359.0,355.31,357.83,13207900,0.0,5.0,3.0,0.01341699753265857,0.6108996105413098,0.375683387652316
2023-12-28,357.94,359.7,361.9,357.81,358.32,11798800,1.0,6.0,0.0,0.19306953227143303,0.8023205245346097,0.004609948369241985
2023-12-29,353.585,358.99,360.0,351.82,353.96,14980500,0.0,3.0,1.0,0.013482267073413823,0.7374324747361243,0.24908527918159962
