,Date,Ticker,Adj Close,Close,High,Low,Open,Volume,Avg Closing Price,neg_sentiment_cnt,neu_sentiment_cnt,pos_sentiment_cnt,mean_neg_sentiment_prob,mean_neu_sentiment_prob,mean_pos_sentiment_prob
0,2024-03-04,AAPL,175.1000061,175.1000061,176.8999939,173.7899933,176.1499939,81510100,215.0636285,0.0,5.0,8.0,0.0008083577821917,0.4271723606546472,0.5720192767173733
1,2024-03-04,ADBE,567.9400024,567.9400024,576.25,564.0999756,572.8499756,2556400,215.0636285,0.0,2.0,1.0,0.0002105106905219,0.6825162271658579,0.317273284192197
2,2024-03-04,AI,34.06999969,34.06999969,37.54000092,33.81000137,36.47000122,14609400,215.0636285,4.0,7.0,13.0,0.1530890543657127,0.3125497415300439,0.5343612096579212
3,2024-03-04,AMZN,177.5800018,177.5800018,180.1399994,177.4900055,177.5299988,37381500,215.0636285,1.0,0.0,1.0,0.4967386932548834,0.0082869324833154,0.49497438268736
4,2024-03-04,ASML,998.039978,998.039978,1007.679993,987.75,992.5999756,1433000,215.0636285,0.0,1.0,0.0,7.406140503007919e-05,0.999868631362915,5.731744386139326e-05
5,2024-03-04,CRM,314.2295532,314.6400146,317.6499939,313.5400085,314.5700073,9350000,215.0636285,0.0,1.0,0.0,0.0001147585644503,0.9995627999305724,0.0003223893290851
6,2024-03-04,GOOGL,133.3500061,133.3500061,135.6600037,131.9100037,135.6600037,55999400,215.0636285,0.0,1.0,0.0,0.0557189956307411,0.91197669506073,0.0323042869567871
7,2024-03-04,INTC,45.61000061,45.61000061,46.61000061,43.84999847,44.27000046,59990800,215.0636285,0.0,1.0,1.0,0.000317718131555,0.5080371703952551,0.4916450617165537
8,2024-03-04,META,498.1900024,498.1900024,504.4200134,496.4200134,503.0,12324100,215.0636285,0.0,2.0,1.0,0.0001657766309411,0.667049333647204,0.3327849451452493
9,2024-03-04,OMRNY,37.75999832,37.75999832,38.79000092,37.59000015,38.79000092,22100,215.0636285,1.0,0.0,0.0,0.9983054399490356,0.0006530885584652,0.001041384646669
10,2024-03-04,SAP,190.8200073,190.8200073,191.3300018,189.1799927,189.3600006,659300,215.0636285,0.0,0.0,2.0,0.0003225951950298,0.0002753915468929,0.9994020164012908
11,2024-03-04,SHOP,75.76999664,75.76999664,76.52999878,73.98999786,76.47000122,7395000,215.0636285,0.0,0.0,1.0,0.0002840489032678,0.0147748431190848,0.9849411845207214
12,2024-03-04,SQ,77.0,77.0,79.66999817,76.88999939,79.41999817,8523300,215.0636285,0.0,0.0,1.0,0.4087147712707519,0.0119512882083654,0.579334020614624
13,2024-03-04,TER,105.8300018,105.8300018,106.9300003,105.4300003,106.6399994,1252200,215.0636285,1.0,0.0,0.0,0.7837253212928772,0.2120624184608459,0.004212241154164
14,2024-03-04,TSLA,188.1399994,188.1399994,199.75,186.7200012,198.7299957,134334900,215.0636285,0.0,1.0,1.0,0.0002657991208252,0.4582051516918,0.5415289886295795
15,2024-03-04,ZM,69.70999908,69.70999908,70.91999817,69.48999786,70.91000366,5257900,215.0636285,0.0,0.0,1.0,0.0001944565301528,0.0004305049660615,0.99937504529953
16,2024-03-05,AAPL,170.1199951,170.1199951,172.0399933,169.6199951,170.7599945,95132400,209.81013,2.0,3.0,2.0,0.2808910202937633,0.4374118548751409,0.2816971412425378
17,2024-03-05,ADBE,544.8400269,544.8400269,564.1900024,539.3499756,562.5999756,4286800,209.81013,0.0,2.0,0.0,0.0009310569694207,0.8299639523029327,0.1691050197478034
18,2024-03-05,AI,31.26000023,31.26000023,33.5340004,30.88999939,33.0,11402500,209.81013,1.0,9.0,8.0,0.057554625587727,0.4793100877981892,0.4631353137002507
19,2024-03-05,AMD,205.1300049,205.1300049,205.3300018,199.1499939,200.5,65407100,209.81013,1.0,1.0,0.0,0.4945324446052836,0.5043633906170726,0.0011041952966479
20,2024-03-05,AMZN,174.1199951,174.1199951,176.9299927,173.3000031,176.9299927,37228300,209.81013,0.0,5.0,0.0,0.0006548382283654,0.9637627363204956,0.0355824440048309
21,2024-03-05,CRM,298.36026,298.75,312.5499878,296.1400146,311.3099976,9015300,209.81013,0.0,1.0,2.0,0.0005085773882456,0.4943368968864282,0.5051544960588217
22,2024-03-05,DOCU,51.77999878,51.77999878,53.13999939,51.11999893,52.88000107,2395700,209.81013,0.0,1.0,0.0,8.070154581218958e-05,0.9997238516807556,0.0001953896862687
23,2024-03-05,GE,125.9856339,125.9856339,129.4094238,124.9640884,128.9066315,8003663,209.81013,0.0,1.0,0.0,5.329388659447432e-05,0.9998325109481812,0.0001141331595135
24,2024-03-05,IBM,191.9499969,191.9499969,193.9400024,190.5700073,192.0,5653600,209.81013,0.0,2.0,0.0,8.9404948084848e-05,0.9998225271701812,8.80051520653069e-05
25,2024-03-05,INTC,43.15999985,43.15999985,44.86999893,42.68999863,44.56000137,56655100,209.81013,1.0,2.0,1.0,0.2501267611405637,0.4139469320762146,0.3359262820886215
26,2024-03-05,META,490.2200012,490.2200012,495.5799866,487.8900146,495.0,15325300,209.81013,2.0,1.0,1.0,0.4267716709036904,0.28628024525824,0.2869480772496899
27,2024-03-05,MU,94.37889862,94.47000122,95.37000275,93.27999878,94.25,12887500,209.81013,0.0,1.0,0.0,8.418431389145553e-05,0.999278962612152,0.0006368765025399
28,2024-03-05,NVDA,859.6400146,859.6400146,860.9699707,834.1699829,852.7000122,52063900,209.81013,0.0,0.0,1.0,0.0002506753371562,0.0002247806551167,0.9995245933532716
29,2024-03-05,SHOP,73.47000122,73.47000122,74.93000031,72.63999939,74.80000305,8691200,209.81013,0.0,1.0,0.0,6.684517575195059e-05,0.9998084902763368,0.0001246157917194
30,2024-03-05,SIEGY,96.81999969,96.81999969,97.88999939,96.31999969,97.44000244,159900,209.81013,0.0,1.0,0.0,6.757406663382426e-05,0.9998456239700316,8.672215335536748e-05
31,2024-03-05,SNOW,167.75,167.75,175.3300018,166.3200073,175.0299988,14716900,209.81013,1.0,0.0,0.0,0.989682137966156,0.0005557286203838,0.0097621632739901
32,2024-03-05,SQ,74.43000031,74.43000031,76.55000305,73.76999664,76.09999847,7204400,209.81013,0.0,2.0,0.0,7.330911830649711e-05,0.9976077675819396,0.0023189492058008
33,2024-03-05,TER,103.7600021,103.7600021,105.4199982,102.4300003,104.7099991,1264900,209.81013,0.0,5.0,0.0,0.093292427615961,0.904729163646698,0.0019784073636401
34,2024-03-05,TSLA,180.7400055,180.7400055,184.5899963,177.5700073,183.0500031,119660800,209.81013,2.0,1.0,0.0,0.5307070259780934,0.4613693145220168,0.0079236602953945
35,2024-03-06,AAPL,169.1199951,169.1199951,171.2400055,168.6799927,171.0599976,68587700,213.5039646,3.0,8.0,1.0,0.2952268764135321,0.6486462545290124,0.0561268866537526
36,2024-03-06,AI,32.45999908,32.45999908,33.33000183,31.87999916,32.79999924,9760600,213.5039646,3.0,14.0,8.0,0.1167708324306295,0.5214114678406623,0.361817714390636
37,2024-03-06,AMD,210.6300049,210.6300049,214.8099976,207.3200073,210.4299927,86687000,213.5039646,0.0,1.0,0.0,8.788686682237312e-05,0.99893456697464,0.0009775055805221
38,2024-03-06,AMZN,173.5099945,173.5099945,176.4600067,173.2599945,175.5399933,32090900,213.5039646,0.0,3.0,1.0,0.0032537451788812,0.7384082591743208,0.2583379910884105
39,2024-03-06,ASML,1003.929993,1003.929993,1009.630005,981.4699707,986.9400024,1304500,213.5039646,0.0,1.0,0.0,0.4529328346252441,0.4912808537483215,0.0557862669229507
40,2024-03-06,CRM,303.3736877,303.769989,305.8900146,302.7399902,304.6499939,8270000,213.5039646,0.0,2.0,3.0,0.0003661297261714,0.3633871354730217,0.636246781796217
41,2024-03-06,DOCU,52.47000122,52.47000122,53.68999863,52.09999847,53.08000183,3276800,213.5039646,0.0,0.0,1.0,0.0002405592967988,7.183237175922841e-05,0.999687671661377
42,2024-03-06,GE,127.2944946,127.2944946,128.4756622,126.4724655,126.9752579,8198755,213.5039646,0.0,1.0,0.0,9.026165207615122e-05,0.9998251795768738,8.456459909211844e-05
43,2024-03-06,GOOGL,131.3999939,131.3999939,133.5800018,130.8500061,133.1199951,35318600,213.5039646,0.0,1.0,2.0,0.0002085383021039,0.3316267215559492,0.6681647227766613
44,2024-03-06,IBM,196.1600037,196.1600037,198.1300049,192.9600067,193.5,6945800,213.5039646,0.0,0.0,2.0,0.0003403823939152,0.0002676855874597,0.9993919134140016
45,2024-03-06,KYCCF,496.3588867,497.4500122,508.2000122,482.7600098,482.7600098,1600,213.5039646,0.0,1.0,0.0,0.0004031475400552,0.8150541186332703,0.1845427453517913
46,2024-03-06,META,496.0899963,496.0899963,502.9700012,494.2900085,497.6300049,11757900,213.5039646,1.0,1.0,0.0,0.4968747562961653,0.4013568295631557,0.101768366061151
47,2024-03-06,NVDA,887.0,887.0,897.2399902,870.2999878,880.2199707,58252000,213.5039646,0.0,1.0,0.0,4.915754470857792e-05,0.9997411370277404,0.0002097425458487
48,2024-03-06,ORCL,112.2699966,112.2699966,113.0500031,110.6699982,111.5,6706400,213.5039646,0.0,0.0,1.0,0.0002767410478554,0.000428354658652,0.9992948770523072
49,2024-03-06,QCOM,167.8899994,167.8899994,169.25,164.3300018,164.8200073,12230500,213.5039646,0.0,0.0,1.0,0.0003097133885603,0.0027598664164543,0.9969304203987122
50,2024-03-06,SHOP,74.01000214,74.01000214,74.84999847,72.91500092,74.18000031,5757300,213.5039646,0.0,1.0,0.0,0.009533567354083,0.989042341709137,0.0014241249300539
51,2024-03-06,SQ,75.52999878,75.52999878,77.13500214,75.18699646,75.66999817,7376800,213.5039646,0.0,0.0,1.0,0.000291110627586,0.0003186692192684,0.9993902444839478
52,2024-03-06,TER,106.75,106.75,107.7799988,105.7600021,105.9899979,1497400,213.5039646,0.0,1.0,0.0,0.0001260290882783,0.9997523427009584,0.0001216723321704
53,2024-03-06,TSLA,176.5399933,176.5399933,181.5800018,173.6999969,179.9900055,107920900,213.5039646,0.0,1.0,0.0,0.0007149007287807,0.9978877902030944,0.0013972170418128
54,2024-03-06,TWLO,58.56000137,58.56000137,58.58000183,56.54999924,57.56999969,4814600,213.5039646,3.0,0.0,0.0,0.9975572029749552,0.0019182309818764,0.0005246502308485
55,2024-03-06,ZS,202.4199982,202.4199982,217.1699982,200.8099976,214.6199951,4348100,213.5039646,0.0,2.0,0.0,0.0099805696190742,0.989496648311615,0.0005227480141911
56,2024-03-07,AAPL,169.0,169.0,170.7299957,168.4900055,169.1499939,71765100,217.5493435,2.0,6.0,2.0,0.2005323691180819,0.558142210735241,0.241325413629238
57,2024-03-07,ADBE,556.039978,556.039978,558.3800049,541.5900269,550.0,2660500,217.5493435,0.0,1.0,2.0,0.0058189935225527,0.5290652612845103,0.4651157242672828
58,2024-03-07,AI,31.77000046,31.77000046,33.0,31.74900055,32.63999939,6714800,217.5493435,0.0,5.0,6.0,0.0010417356196822,0.4297892316363603,0.5691690387413307
59,2024-03-07,AMD,211.3800049,211.3800049,213.8300018,208.2200012,212.5200043,63869000,217.5493435,0.0,0.0,1.0,0.0005940289702266,0.0676512271165847,0.9317547082901
60,2024-03-07,AMZN,176.8200073,176.8200073,177.9900055,173.7200012,174.8300018,34063300,217.5493435,0.0,3.0,1.0,0.0002802143844746,0.8655578196048737,0.1341619261365849
61,2024-03-07,ASML,1047.390015,1047.390015,1056.339966,1014.820007,1015.669983,1580300,217.5493435,1.0,0.0,1.0,0.5018098461441696,0.0073608148377388,0.4908293398912065
62,2024-03-07,DOCU,53.56000137,53.56000137,54.10499954,52.65000153,52.90999985,8451100,217.5493435,0.0,1.0,2.0,0.0028712479494667,0.3305023520855077,0.6666264129259313
63,2024-03-07,GE,132.8810883,132.8810883,133.0646515,128.9465332,129.3216248,14393838,217.5493435,0.0,3.0,2.0,0.0003049548991839,0.6021375270560384,0.3975575557997217
64,2024-03-07,IBM,196.5399933,196.5399933,198.7299957,196.1399994,197.5800018,4604500,217.5493435,0.0,0.0,2.0,0.0004326586422394,0.0917390817194245,0.9078282713890076
65,2024-03-07,META,512.1900024,512.1900024,519.8499756,501.3800049,503.2799988,18586400,217.5493435,0.0,4.0,0.0,0.0004323756947997,0.9933581054210664,0.0062095235807646
66,2024-03-07,MSFT,409.1400146,409.1400146,409.7799988,402.2399902,406.1199951,18718500,217.5493435,0.0,0.0,4.0,0.0002006712238653,0.0011007528228219,0.998698592185974
67,2024-03-07,MU,98.884552,98.98000336,99.69000244,97.47000122,98.93000031,24843300,217.5493435,0.0,1.0,0.0,5.4860240197740495e-05,0.9996383190155028,0.0003068584192078
68,2024-03-07,ORCL,114.5400009,114.5400009,114.8000031,112.2900009,113.9400024,7670100,217.5493435,0.0,1.0,0.0,0.1946645379066467,0.8024889230728149,0.0028465315699577
69,2024-03-07,SAP,195.5700073,195.5700073,195.9900055,193.1199951,193.25,961400,217.5493435,0.0,2.0,1.0,0.0030443927001518,0.5956133402263125,0.4013422876596451
70,2024-03-07,SHOP,75.33000183,75.33000183,75.95999908,73.19999695,74.26000214,7592500,217.5493435,0.0,0.0,1.0,0.0008019314846023,0.1676174402236938,0.831580638885498
71,2024-03-07,SNPS,583.3499756,583.3499756,588.1300049,577.9099731,583.1900024,756000,217.5493435,0.0,0.0,1.0,0.0002423662226647,8.739174518268555e-05,0.9996702671051024
72,2024-03-07,SQ,77.22000122,77.22000122,77.79000092,75.66999817,76.81999969,6906600,217.5493435,0.0,1.0,0.0,5.30215329490602e-05,0.99973863363266,0.0002083162980852
73,2024-03-07,TER,109.9899979,109.9899979,110.5500031,107.0400009,107.2300034,1576700,217.5493435,1.0,2.0,0.0,0.402577335635821,0.5947800756742557,0.0026426097222914
74,2024-03-07,TSLA,178.6499939,178.6499939,180.0399933,173.6999969,174.3500061,102129000,217.5493435,1.0,3.0,1.0,0.2029578880610643,0.5821169362403452,0.2149251322087366
75,2024-03-08,AAPL,170.7299957,170.7299957,173.6999969,168.9400024,169.0,76114600,213.4455988,0.0,1.0,2.0,0.0002294750302098,0.333679677452892,0.6660908086438818
76,2024-03-08,ADSK,251.8600006,251.8600006,256.0299988,251.6900024,253.7700043,881500,213.4455988,0.0,2.0,0.0,8.969053305918351e-05,0.9998025298118592,0.0001077228080248
77,2024-03-08,AI,31.70000076,31.70000076,34.25999832,31.52000046,32.09999847,10140100,213.4455988,1.0,5.0,6.0,0.1010255382998366,0.4294997764882282,0.4694747184069759
78,2024-03-08,AMD,207.3899994,207.3899994,227.3000031,205.6000061,213.4100037,120592600,213.4455988,0.0,1.0,0.0,0.0001071005463018,0.9997885823249816,0.0001042952135321
79,2024-03-08,AMZN,175.3500061,175.3500061,178.7899933,174.3300018,176.4400024,37853500,213.4455988,0.0,2.0,2.0,0.0115720251014863,0.5077304228980211,0.4806975664832862
80,2024-03-08,ASML,994.3300171,994.3300171,1040.209961,993.2299805,1038.880005,1636700,213.4455988,0.0,0.0,1.0,0.000449687388027,0.0162709653377532,0.9832793474197388
81,2024-03-08,BIDU,98.26999664,98.26999664,99.76999664,97.98999786,98.20999908,2322300,213.4455988,0.0,0.0,1.0,0.0001938213827088,0.0022836565040051,0.9975225329399108
82,2024-03-08,DOCU,55.97000122,55.97000122,58.95999908,54.79000092,58.90000153,14750000,213.4455988,0.0,0.0,2.0,0.0002052103809546,7.877001917222515e-05,0.9997159838676452
83,2024-03-08,GE,134.0462952,134.0462952,140.3112488,133.5594635,135.2833252,21242234,213.4455988,0.0,1.0,1.0,0.0002191315652453,0.5003997660824098,0.499381085170171
84,2024-03-08,IBM,195.9499969,195.9499969,197.7700043,194.3800049,196.0599976,3942500,213.4455988,0.0,1.0,1.0,0.0003064668708248,0.4644568811636418,0.5352366827428341
85,2024-03-08,META,505.9500122,505.9500122,523.5700073,499.3500061,514.1900024,18575200,213.4455988,0.0,2.0,0.0,9.430911086383276e-05,0.9977696537971495,0.0021359894890338
86,2024-03-08,ORCL,112.4199982,112.4199982,114.3300018,111.5400009,114.0699997,8304100,213.4455988,0.0,1.0,0.0,5.2724601118825376e-05,0.9998657703399658,8.15080275060609e-05
87,2024-03-08,TSLA,175.3399963,175.3399963,182.7299957,174.6999969,181.5,85315300,213.4455988,2.0,1.0,0.0,0.7509863177935282,0.2476111886401971,0.0014024630460577
88,2024-03-08,TWLO,61.86000061,61.86000061,63.09000015,61.36500168,61.41999817,3697200,213.4455988,0.0,1.0,0.0,6.935486453585327e-05,0.9998270869255066,0.0001035590394167
89,2024-03-11,AAPL,172.75,172.75,174.3800049,172.0500031,172.9400024,60139500,211.4074753,0.0,6.0,5.0,0.0002183569767194,0.5319973700640152,0.4677842757102388
90,2024-03-11,AI,30.87000084,30.87000084,32.18899918,30.80999947,31.5,4776400,211.4074753,2.0,10.0,3.0,0.1667416201882588,0.6101151553700522,0.2231432182656135
91,2024-03-11,AMZN,171.9600067,171.9600067,174.4700012,171.4700012,174.3099976,28484800,211.4074753,0.0,3.0,1.0,0.000283484783722,0.7505136784166098,0.2492028394190129
92,2024-03-11,ASML,962.6699829,962.6699829,981.0300293,957.5,979.5,1432100,211.4074753,2.0,2.0,1.0,0.3311907421171781,0.4673365892944275,0.2014726738918398
93,2024-03-11,BIDU,101.2900009,101.2900009,102.5100021,100.0699997,100.3000031,3297700,211.4074753,0.0,0.0,1.0,0.0002803299576044,0.0004134707560297,0.9993062019348145
94,2024-03-11,CRM,305.6007996,306.0,307.6099854,300.25,302.6400146,4895500,211.4074753,0.0,1.0,1.0,0.0192211406101705,0.481516617059242,0.4992622614372521
95,2024-03-11,DOCU,57.97999954,57.97999954,58.52000046,56.02000046,56.20999908,7138900,211.4074753,0.0,0.0,1.0,0.0002288643736392,0.0014162112493067,0.9983548521995544
96,2024-03-11,FTNT,71.45999908,71.45999908,71.80000305,69.91000366,70.93000031,3139300,211.4074753,0.0,1.0,2.0,0.0002581010630819,0.3366482037430008,0.6630936895817285
97,2024-03-11,GE,132.9289703,132.9289703,134.4134064,130.0718231,133.3519592,9338609,211.4074753,0.0,3.0,0.0,0.0017219646445785,0.997135579586029,0.0011424897675169
98,2024-03-11,META,483.5899963,483.5899963,497.3200073,476.0,497.0100098,20428300,211.4074753,0.0,1.0,3.0,0.0004148730877204,0.2063084124820307,0.7932767122983932
99,2024-03-11,MSFT,404.519989,404.519989,405.6799927,401.2600098,403.7600098,16120800,211.4074753,0.0,0.0,5.0,0.0002021845371928,0.0010845490265637,0.9987132549285888
100,2024-03-11,MU,94.41886139,94.51000214,96.45999908,93.52999878,95.90000153,15673300,211.4074753,0.0,1.0,0.0,0.00023037243227,0.9400047659873962,0.0597648359835147
101,2024-03-11,NVDA,857.7399902,857.7399902,887.9699707,841.6599731,864.289978,67836400,211.4074753,0.0,1.0,0.0,0.0002525806485209,0.9385687112808228,0.0611788220703601
102,2024-03-11,ORCL,114.1299973,114.1299973,114.75,111.1800003,111.6100006,20438300,211.4074753,0.0,0.0,3.0,0.0002410478385475,8.212209650082514e-05,0.9996768037478128
103,2024-03-11,QCOM,171.1199951,171.1199951,171.9799957,168.1199951,169.0,7256300,211.4074753,0.0,1.0,0.0,8.469580643577501e-05,0.9976370334625244,0.0022782809101045
104,2024-03-11,SAP,189.8300018,189.8300018,190.1000061,188.3699951,188.5200043,1213400,211.4074753,0.0,1.0,0.0,0.001356947235763,0.9984022974967957,0.0002407249849056
105,2024-03-11,SIEGY,98.51999664,98.51999664,98.86000061,97.88999939,98.30999756,91400,211.4074753,0.0,1.0,0.0,0.0001742995227687,0.9688323736190796,0.0309932995587587
106,2024-03-11,SNOW,162.2899933,162.2899933,162.9799957,160.3999939,161.4199982,6026100,211.4074753,0.0,0.0,1.0,0.0002788226411212,0.0010555195622146,0.998665690422058
107,2024-03-11,SQ,81.52999878,81.52999878,83.83000183,80.84200287,81.5,10344800,211.4074753,0.0,2.0,0.0,0.0018612529602251,0.9772559404373168,0.020882798533421
108,2024-03-11,TER,106.3499985,106.3499985,106.5999985,104.5599976,105.8099976,1565600,211.4074753,1.0,4.0,0.0,0.1568791948782745,0.8413253903388977,0.0017954080947674
109,2024-03-11,TSLA,177.7700043,177.7700043,182.8699951,174.8000031,175.4499969,85391500,211.4074753,1.0,1.0,0.0,0.4219660486487555,0.5767630487680435,0.0012708752183243
110,2024-03-11,ZS,200.7400055,200.7400055,201.8500061,195.6609955,196.6999969,1825900,211.4074753,0.0,0.0,1.0,0.0004366767243482,0.0468616932630538,0.9527015686035156
111,2024-03-12,AAPL,173.2299957,173.2299957,174.0299988,171.0099945,173.1499939,59825400,216.1662999,0.0,2.0,6.0,0.000278859703485,0.2617183212787495,0.7380028188699725
112,2024-03-12,ADBE,579.1400146,579.1400146,579.789978,562.5999756,568.5999756,3469200,216.1662999,0.0,0.0,3.0,0.000390315617551,0.0002328992583594,0.9993767937024436
113,2024-03-12,AI,30.68000031,30.68000031,31.38999939,29.72999954,31.38999939,5079100,216.1662999,0.0,7.0,5.0,0.0147635444612509,0.5715219543350637,0.4137145179653695
114,2024-03-12,ANSS,337.730011,337.730011,337.9899902,333.1300049,333.1300049,261000,216.1662999,0.0,2.0,0.0,7.246414315886796e-05,0.9998581409454346,6.938116348464973e-05
115,2024-03-12,ASML,984.289978,984.289978,984.9899902,950.4799805,966.7999878,1165200,216.1662999,1.0,0.0,0.0,0.975182294845581,0.0115372817963361,0.0132803162559866
116,2024-03-12,FTNT,71.33999634,71.33999634,71.94999695,70.73999786,71.68000031,3858500,216.1662999,0.0,2.0,0.0,0.0120322292132186,0.9876130521297456,0.0003546895968611
117,2024-03-12,GE,133.6472473,133.6472473,133.9185944,130.8300018,133.639267,6928589,216.1662999,0.0,3.0,0.0,0.0001680922869127,0.9831489125887553,0.016683005807863
118,2024-03-12,GOOGL,138.5,138.5,139.3800049,137.0299988,137.0299988,27563400,216.1662999,0.0,0.0,1.0,0.0001771022798493,0.0001497164776083,0.9996732473373412
119,2024-03-12,IBM,197.7799988,197.7799988,199.1799927,192.1499939,192.4600067,5880100,216.1662999,0.0,1.0,0.0,0.2965203821659088,0.696122407913208,0.0073571819812059
120,2024-03-12,INTC,45.24000168,45.24000168,45.27000046,44.45999908,45.06000137,31795800,216.1662999,2.0,0.0,1.0,0.6633192781591788,0.0028995504447569,0.3337811020901426
121,2024-03-12,META,499.75,499.75,502.3099976,484.730011,493.2600098,15448200,216.1662999,1.0,1.0,0.0,0.4874474083480891,0.509903778322041,0.0026488531075301
122,2024-03-12,ORCL,127.5400009,127.5400009,129.3699951,124.5999985,126.2600021,48536100,216.1662999,0.0,1.0,3.0,0.0002410525976301,0.2500506747946929,0.7497082901554677
123,2024-03-12,SAP,193.8300018,193.8300018,193.9299927,190.6699982,191.3000031,668200,216.1662999,0.0,1.0,0.0,0.0001204550135298,0.996044933795929,0.0038346496876329
124,2024-03-12,SIEGY,99.90000153,99.90000153,100.0,98.18000031,98.98000336,85700,216.1662999,0.0,1.0,0.0,8.512385102221742e-05,0.9997209906578064,0.000193956439034
125,2024-03-12,TER,108.1999969,108.1999969,108.4199982,105.25,107.0400009,1505400,216.1662999,0.0,2.0,0.0,0.1097364425659179,0.8879636824131012,0.0022999179782345
126,2024-03-12,TSLA,177.5399933,177.5399933,179.4299927,172.4100037,177.7700043,87391700,216.1662999,1.0,1.0,0.0,0.4983498498331755,0.5011378596536815,0.0005122836118971
127,2024-03-12,ZS,201.2400055,201.2400055,205.3399963,199.0,203.1999969,2305000,216.1662999,0.0,1.0,0.0,7.343479956034571e-05,0.9992363452911376,0.0006902944296598
128,2024-03-13,AAPL,171.1300049,171.1300049,173.1900024,170.7599945,172.7700043,52488700,214.0652747,3.0,0.0,1.0,0.7265056008909596,0.0136498536303406,0.2598445624462329
129,2024-03-13,ADBE,573.5499878,573.5499878,585.3499756,573.4099731,579.0599976,3466000,214.0652747,0.0,1.0,0.0,0.0001140241220127,0.9982182383537292,0.0016677945386618
130,2024-03-13,ADSK,258.7000122,258.7000122,264.0799866,258.5100098,262.9100037,1134300,214.0652747,0.0,1.0,0.0,7.278773409780115e-05,0.9998526573181152,7.443926006089896e-05
131,2024-03-13,AI,30.37000084,30.37000084,30.93000031,30.13999939,30.39999962,3980200,214.0652747,0.0,8.0,15.0,0.0002349861182586,0.3518003970438376,0.6479646264000938
132,2024-03-13,AMD,194.7899933,194.7899933,198.8300018,192.6999969,198.7299957,70526900,214.0652747,0.0,2.0,1.0,0.0001252072276353,0.6655071135416316,0.3343676776518502
133,2024-03-13,ASML,968.7800293,968.7800293,983.1599731,959.0599976,983.1599731,851100,214.0652747,0.0,1.0,0.0,0.0001666426105657,0.9992547631263732,0.0005785517860203
134,2024-03-13,CRM,304.6799927,304.6799927,307.730011,303.1099854,305.0,5548800,214.0652747,0.0,0.0,2.0,0.0002355155884288,0.0057226718054153,0.9940418303012848
135,2024-03-13,DOCU,59.40999985,59.40999985,59.52999878,58.49000168,58.58000183,4085400,214.0652747,0.0,1.0,0.0,0.0026912938337773,0.6379439830780029,0.3593647181987762
136,2024-03-13,HON,199.7299957,199.7299957,201.1300049,198.8399963,199.9499969,2537600,214.0652747,0.0,0.0,2.0,0.0001862729623098,0.0004682840808527,0.9993454813957214
137,2024-03-13,IBM,196.6999969,196.6999969,198.1000061,195.3200073,197.5500031,3993300,214.0652747,1.0,0.0,1.0,0.4806341288931435,0.0187570053167291,0.5006089039379731
138,2024-03-13,INTC,43.22999954,43.22999954,44.97999954,43.20000076,44.50999832,53195900,214.0652747,0.0,0.0,1.0,0.0003665621043182,0.000108698492113,0.999524712562561
139,2024-03-13,META,495.5700073,495.5700073,500.980011,491.0299988,495.3900146,12090700,214.0652747,1.0,3.0,0.0,0.4038275704660918,0.4997420289437286,0.0964304072549566
140,2024-03-13,NVDA,908.8800049,908.8800049,915.039978,884.3499756,910.5499878,63571300,214.0652747,0.0,0.0,1.0,0.000257303006947,0.0001070661892299,0.9996355772018432
141,2024-03-13,ORCL,125.5199966,125.5199966,128.8000031,124.8300018,128.0,15870300,214.0652747,0.0,0.0,1.0,0.0002820472873281,0.0001829211396398,0.999535083770752
142,2024-03-13,SNOW,162.3099976,162.3099976,166.8399963,160.6999969,161.2700043,5866700,214.0652747,0.0,1.0,0.0,7.833901327103376e-05,0.9998656511306764,5.600890290224925e-05
143,2024-03-13,TER,105.4499969,105.4499969,108.3199997,104.8099976,106.6900024,1808400,214.0652747,0.0,2.0,0.0,0.2150692604482174,0.7819070518016815,0.0030236755264922
144,2024-03-13,TSLA,169.4799957,169.4799957,176.0500031,169.1499939,173.0500031,106524500,214.0652747,0.0,0.0,1.0,0.0002713571884669,0.0003200160281267,0.9994086027145386
145,2024-03-13,ZM,68.44000244,68.44000244,69.94999695,68.33999634,69.73999786,2402900,214.0652747,0.0,0.0,1.0,0.0002127830521203,0.001834551221691,0.9979525804519652
146,2024-03-14,AAPL,173.0,173.0,174.3099976,172.0500031,172.9100037,72913500,211.6593324,0.0,6.0,5.0,0.0215958008848247,0.5278606228467569,0.4505435600479938
147,2024-03-14,ADBE,570.4500122,570.4500122,579.539978,568.7600098,578.0,5908100,211.6593324,0.0,1.0,0.0,0.0001201299746753,0.9994891881942748,0.0003907266072928
148,2024-03-14,AI,29.10000038,29.10000038,30.29999924,28.65999985,30.0,5786000,211.6593324,1.0,6.0,11.0,0.0563395422711134,0.3410985093412617,0.6025619511476381
149,2024-03-14,AMD,187.0599976,187.0599976,196.9299927,184.0299988,192.9199982,84490500,211.6593324,0.0,1.0,0.0,0.0001177252925117,0.9997755885124208,0.0001066889453795
150,2024-03-14,AMZN,178.75,178.75,179.5299988,176.4700012,177.6900024,43705800,211.6593324,0.0,2.0,1.0,0.0001735552674896,0.666498012811644,0.3333284742135826
151,2024-03-14,ANSS,330.2900085,330.2900085,332.3500061,327.2600098,332.2200012,490600,211.6593324,0.0,1.0,0.0,0.0001429283438483,0.9815466403961182,0.0183103345334529
152,2024-03-14,CRM,303.3200073,303.3200073,309.4899902,302.0,305.0,4828800,211.6593324,0.0,1.0,0.0,0.0001096310152206,0.9995469450950624,0.0003434514219406
153,2024-03-14,FTNT,68.04000092,68.04000092,69.75,67.62000275,69.29000092,6500100,211.6593324,0.0,2.0,0.0,0.1412043723430542,0.7049888223409653,0.1538068111549364
154,2024-03-14,GE,133.0806122,133.0806122,136.2729492,132.1867523,135.8739014,9460777,211.6593324,0.0,3.0,0.0,0.0001905366443679,0.9936838547388712,0.0061256022551485
155,2024-03-14,GOOGL,143.1000061,143.1000061,143.5899963,140.4600067,141.1900024,42753400,211.6593324,0.0,1.0,0.0,0.0002047661546384,0.999690055847168,0.0001052023289958
156,2024-03-14,INTC,42.75,42.75,43.34999847,42.50999832,43.22999954,38100000,211.6593324,0.0,1.0,2.0,0.0003420856422356,0.3329193277847177,0.6667385818436742
157,2024-03-14,META,491.8299866,491.8299866,501.3500061,488.1600037,500.2600098,12620000,211.6593324,1.0,0.0,0.0,0.9645442962646484,0.0337617769837379,0.0016938735498115
158,2024-03-14,MSFT,425.2200012,425.2200012,427.8200073,417.9899902,420.2399902,34157300,211.6593324,1.0,0.0,0.0,0.9986869692802428,0.0005701835616491,0.0007429162506014
159,2024-03-14,MU,91.34182739,91.43000031,93.44999695,90.30000305,93.30000305,16718900,211.6593324,0.0,1.0,0.0,6.791578198317438e-05,0.999826729297638,0.0001053915548254
160,2024-03-14,NVDA,879.4400024,879.4400024,906.460022,866.0,895.7700195,60231800,211.6593324,0.0,0.0,1.0,0.0004919361672364,0.2493451386690139,0.7501628994941711
161,2024-03-14,ORCL,125.5299988,125.5299988,127.8000031,124.9400024,127.2300034,10965900,211.6593324,0.0,0.0,2.0,0.0002014675774262,0.0002701822195376,0.9995283484458924
162,2024-03-14,PATH,22.75,22.75,25.46500015,22.29999924,24.80999947,35861500,211.6593324,1.0,0.0,1.0,0.422810188094445,0.0003237456403439,0.5768660753965378
163,2024-03-14,SNOW,158.9199982,158.9199982,162.5,157.8000031,162.0200043,5999100,211.6593324,0.0,1.0,0.0,7.462083885911852e-05,0.9998770952224731,4.832244667341001e-05
164,2024-03-14,SNPS,559.3099976,559.3099976,567.1699829,554.5100098,563.1799927,732600,211.6593324,0.0,0.0,1.0,0.000271487806458,0.0045080399140715,0.9952204823493958
165,2024-03-14,SPLK,156.5099945,156.5099945,156.8699951,156.1425934,156.8600006,4423778,211.6593324,0.0,0.0,1.0,0.0003288904845248,0.0002115417737513,0.9994595646858216
166,2024-03-14,TER,103.8499985,103.8499985,106.2300034,102.7399979,105.8300018,1646700,211.6593324,0.0,1.0,0.0,0.0563232414424419,0.9411221146583556,0.002554683946073
167,2024-03-14,TSLA,162.5,162.5,171.1699982,160.5099945,167.7700043,126325700,211.6593324,0.0,0.0,2.0,0.0012020441499771,0.2432394744828343,0.7555584907531738
168,2024-03-14,ZM,67.26000214,67.26000214,68.87999725,66.87000275,68.55999756,1902800,211.6593324,0.0,1.0,0.0,0.000652759859804,0.8234996199607849,0.1758476495742797
169,2024-03-15,AAPL,172.6199951,172.6199951,172.6199951,170.2899933,171.1699982,121664700,207.6572402,0.0,6.0,2.0,0.0477244108151353,0.7258155293957316,0.2264600862781662
170,2024-03-15,ADBE,492.4599915,492.4599915,503.1300049,485.0,499.6400146,19570500,207.6572402,3.0,0.0,1.0,0.7488411382801132,0.0004420908517204,0.2507168046286097
171,2024-03-15,ADSK,254.2400055,254.2400055,258.0400085,253.1300049,256.6600037,3010900,207.6572402,0.0,1.0,0.0,6.671070877928287e-05,0.9996610879898072,0.0002721956116147
172,2024-03-15,AI,28.92000008,28.92000008,29.37000084,28.20999908,28.55999947,5222600,207.6572402,0.0,8.0,10.0,0.0318080921566029,0.4401559503979418,0.5280359595676095
173,2024-03-15,AMD,191.0599976,191.0599976,193.8000031,184.4799957,184.8300018,95225700,207.6572402,0.0,2.0,0.0,0.0006736543437,0.82530677318573,0.1740196077153086
174,2024-03-15,AMZN,174.4199982,174.4199982,177.9299927,173.8999939,176.6399994,72115500,207.6572402,0.0,2.0,2.0,0.0010433794541313,0.5251402882277034,0.4738163266501942
175,2024-03-15,FTNT,66.72000122,66.72000122,67.97000122,66.51000214,67.72000122,10117400,207.6572402,0.0,1.0,0.0,0.0006113480194471,0.9941250085830688,0.0052635516040027
176,2024-03-15,GE,134.7885132,134.7885132,136.0734253,131.5961761,132.202713,13263757,207.6572402,0.0,2.0,2.0,0.0003216067743778,0.5980051794431347,0.4016731812225771
177,2024-03-15,HON,197.6900024,197.6900024,198.5500031,195.8999939,196.3899994,6310100,207.6572402,0.0,1.0,1.0,0.0001414212583767,0.4999511941859964,0.4999073403450893
178,2024-03-15,IBM,191.0700073,191.0700073,193.0599976,190.6999969,191.9900055,8827900,207.6572402,0.0,1.0,0.0,7.671001367270947e-05,0.9998043179512024,0.0001189809772768
179,2024-03-15,INTC,42.63999939,42.63999939,43.15000153,42.34999847,42.45000076,66930200,207.6572402,0.0,1.0,1.0,0.0001699542408459,0.5000760767434258,0.4997539976029657
180,2024-03-15,MSFT,416.4200134,416.4200134,422.6000061,412.7900085,419.2900085,45049800,207.6572402,1.0,0.0,1.0,0.4994702083640732,0.0002591906195448,0.5002706575032789
181,2024-03-15,ORCL,125.5400009,125.5400009,126.0100021,123.5599976,124.0400009,17841600,207.6572402,0.0,0.0,1.0,0.0001780685561243,0.0002873537014238,0.9995346069335938
182,2024-03-15,PATH,22.75,22.75,23.18000031,22.60499954,22.79999924,14148200,207.6572402,0.0,0.0,1.0,0.0002320168714504,0.0004186081350781,0.9993494153022766
183,2024-03-15,SAP,188.3099976,188.3099976,188.8500061,187.1999969,188.7200012,756500,207.6572402,1.0,0.0,0.0,0.9952076077461244,0.0034895876888185,0.001302751712501
184,2024-03-15,SIEGY,100.7900009,100.7900009,101.4899979,100.5199966,100.9700012,120200,207.6572402,0.0,0.0,1.0,0.0003216919139958,0.0006375656230375,0.99904066324234
185,2024-03-15,TSLA,163.5700073,163.5700073,165.1799927,160.7599945,163.1600037,96971900,207.6572402,1.0,2.0,0.0,0.2925588994209344,0.7061908195416132,0.0012502842922306
186,2024-03-15,ZM,65.95999908,65.95999908,67.61000061,65.88999939,66.73999786,5674700,207.6572402,0.0,1.0,0.0,0.0001878984185168,0.9589512348175048,0.0408608019351959
187,2024-03-15,ZS,194.0299988,194.0299988,199.7299957,193.4700012,198.7899933,2664700,207.6572402,0.0,1.0,0.0,0.0005649364902637,0.9984655380249025,0.0009695838089101
188,2024-03-18,AAPL,173.7200012,173.7200012,177.7100067,173.5200043,175.5700073,75604200,210.2100576,1.0,7.0,4.0,0.0923133224162787,0.6058212997898712,0.301865375186632
189,2024-03-18,ADBE,513.8599854,513.8599854,515.7299805,495.5499878,495.5499878,7052700,210.2100576,0.0,0.0,2.0,0.0002759400667855,0.0113821484846994,0.988341897726059
190,2024-03-18,ADSK,255.1799927,255.1799927,259.480011,254.8999939,256.1799927,906300,210.2100576,0.0,0.0,3.0,0.0002052903873845,0.000379529762237,0.9994151790936788
191,2024-03-18,AI,29.04999924,29.04999924,29.31999969,28.40600014,28.85000038,4203600,210.2100576,0.0,19.0,22.0,0.0123203092459844,0.4478452882818912,0.5398344026080605
192,2024-03-18,AMZN,174.4799957,174.4799957,176.6900024,174.2799988,175.8000031,31250700,210.2100576,0.0,0.0,3.0,0.000411778014192,0.04746989744793,0.9521183371543884
193,2024-03-18,ANSS,335.269989,335.269989,337.1400146,328.6000061,330.6600037,613100,210.2100576,0.0,0.0,1.0,0.0003349101752974,0.0003612260625232,0.9993038177490234
194,2024-03-18,ASML,941.3400269,941.3400269,958.210022,939.75,949.3599854,821400,210.2100576,0.0,0.0,3.0,0.0002142502974796,0.0045102708827471,0.9952754775683084
195,2024-03-18,BIDU,104.7699966,104.7699966,105.3300018,103.9100037,104.1500015,1673000,210.2100576,0.0,0.0,1.0,0.0101126292720437,0.0331068262457847,0.9567805528640748
196,2024-03-18,CDNS,300.9299927,300.9299927,303.980011,300.2600098,300.8500061,1244100,210.2100576,0.0,0.0,1.0,0.0005914726061746,0.1830606162548065,0.8163478970527649
197,2024-03-18,CRWD,321.0599976,321.0599976,322.3699951,315.8999939,319.0299988,2736600,210.2100576,0.0,0.0,4.0,0.0004880628148384,0.0418029426655266,0.9577089697122574
198,2024-03-18,FTNT,67.55000305,67.55000305,68.18000031,66.80999756,66.98999786,3909000,210.2100576,1.0,0.0,2.0,0.3328219535857594,0.0004575929439549,0.6667204176386198
199,2024-03-18,GE,135.6025543,135.6025543,136.2729492,134.5411072,134.8443756,6228788,210.2100576,0.0,1.0,0.0,0.0001894519809866,0.9995594620704652,0.000251057324931
200,2024-03-18,HON,196.7599945,196.7599945,199.0099945,196.3800049,199.0099945,2481700,210.2100576,0.0,0.0,1.0,0.000153475193656,0.0004078280762769,0.99943870306015
201,2024-03-18,IBM,191.6900024,191.6900024,193.2299957,190.3200073,191.6999969,5410600,210.2100576,1.0,1.0,0.0,0.5651303827762604,0.3424230709206313,0.0924465833231806
202,2024-03-18,INTC,42.70999908,42.70999908,43.38000107,42.59999847,43.09000015,27668300,210.2100576,0.0,1.0,0.0,0.0002736864553298,0.9927905797958374,0.0069356281310319
203,2024-03-18,META,496.980011,496.980011,497.4200134,486.8099976,491.9100037,11755300,210.2100576,0.0,2.0,1.0,0.0002431648341977,0.6662869678863595,0.333469888389421
204,2024-03-18,MSFT,417.3200073,417.3200073,420.730011,413.7799988,414.25,20106000,210.2100576,0.0,0.0,1.0,0.000660800258629,0.0001050042410497,0.9992341995239258
205,2024-03-18,NVDA,884.5499878,884.5499878,924.0499878,870.8499756,903.8800049,66897600,210.2100576,1.0,0.0,11.0,0.0490806397574488,0.0608111858309712,0.8901081681251526
206,2024-03-18,ORCL,127.8000031,127.8000031,128.9499969,126.8799973,127.1999969,12231400,210.2100576,0.0,0.0,2.0,0.0003820771235041,0.0145104479452129,0.9851074814796448
207,2024-03-18,PATH,23.05999947,23.05999947,23.27000046,22.29000092,22.85000038,9937000,210.2100576,0.0,0.0,1.0,0.0006499955779872,0.2415167987346649,0.7578331828117371
208,2024-03-18,QCOM,166.9199982,166.9199982,171.4600067,166.3500061,170.9100037,6653700,210.2100576,0.0,1.0,2.0,0.1118867543215553,0.3453799490816891,0.5427332541051632
209,2024-03-18,SAP,186.7700043,186.7700043,189.0399933,186.5700073,188.6000061,684500,210.2100576,0.0,0.0,1.0,0.000573709141463,6.742269033566117e-05,0.9993588328361512
210,2024-03-18,SPLK,156.8999939,156.8999939,156.8999939,156.8999939,156.8999939,0,210.2100576,0.0,0.0,1.0,0.0002406720741419,0.002199787646532,0.9975595474243164
211,2024-03-18,SQ,80.86000061,80.86000061,81.52999878,79.30999756,80.30999756,6175200,210.2100576,0.0,1.0,0.0,5.664690615958534e-05,0.9994527697563172,0.0004906420363113
212,2024-03-18,TER,102.8600006,102.8600006,105.2399979,102.6900024,104.25,1767200,210.2100576,2.0,2.0,1.0,0.4350695321743842,0.3556844686623662,0.2092459825798869
213,2024-03-18,TSLA,173.8000031,173.8000031,174.7200012,165.8999939,170.0200043,108214400,210.2100576,1.0,3.0,1.0,0.2001507612527348,0.5926366337167565,0.2072126055660192
214,2024-03-18,TWLO,60.70999908,60.70999908,61.18000031,59.59000015,59.74000168,2784100,210.2100576,0.0,1.0,0.0,0.0002280795888509,0.9784756898880004,0.0212962366640567
215,2024-03-18,ZM,66.23000336,66.23000336,67.22000122,66.0,66.30999756,2132700,210.2100576,0.0,0.0,1.0,0.0039417943917214,0.1646036505699157,0.8314545154571533
216,2024-03-19,ADBE,521.1900024,521.1900024,522.6799927,508.9899902,509.8900146,7081800,213.1771101,5.0,1.0,1.0,0.7121100184142831,0.1443690167715041,0.1435209558112546
217,2024-03-19,ADSK,256.1900024,256.1900024,257.2399902,251.3699951,253.0500031,857600,213.1771101,1.0,0.0,4.0,0.1851645909977378,0.0097576577914878,0.805077749490738
218,2024-03-19,AI,28.29000092,28.29000092,28.79999924,27.76000023,28.25,3955200,213.1771101,2.0,6.0,23.0,0.0610266297584119,0.2146315897463805,0.724341776342748
219,2024-03-19,AMD,181.4199982,181.4199982,185.6100006,177.3600006,183.1600037,83509500,213.1771101,0.0,1.0,1.0,0.0001780618149496,0.4999587298152619,0.4998631728158216
220,2024-03-19,AMZN,175.8999939,175.8999939,176.0899963,173.5200043,174.2200012,26880900,213.1771101,0.0,3.0,1.0,0.0002122055157087,0.6650994402152719,0.3346883691956464
221,2024-03-19,ANSS,342.3699951,342.3699951,343.6600037,334.7000122,335.269989,579500,213.1771101,0.0,0.0,2.0,0.0006312095210887,0.0039731060387566,0.9953956305980682
222,2024-03-19,ASML,951.9099731,951.9099731,956.5900269,928.0,938.539978,817600,213.1771101,0.0,0.0,2.0,0.002399654011242,0.0052744249842362,0.992325872182846
223,2024-03-19,BIDU,104.1699982,104.1699982,104.2699966,102.7099991,104.0,1541800,213.1771101,0.0,0.0,2.0,0.0007648209648323,0.000837639614474,0.9983975291252136
224,2024-03-19,CDNS,311.8500061,311.8500061,312.7900085,303.4400024,303.75,1997300,213.1771101,0.0,1.0,0.0,0.4080701172351837,0.5894068479537964,0.0025229658931493
225,2024-03-19,CRM,301.4500122,301.4500122,301.769989,296.6199951,298.1799927,3329900,213.1771101,0.0,2.0,0.0,0.0010029749319073,0.7640167772769928,0.2349802386015653
226,2024-03-19,CRWD,320.8599854,320.8599854,321.480011,310.2200012,318.1499939,2933600,213.1771101,0.0,0.0,2.0,0.0002291222117491,0.0003740075517271,0.9993969202041626
227,2024-03-19,DOCU,58.95000076,58.95000076,58.97999954,56.43000031,57.40000153,2824100,213.1771101,0.0,0.0,3.0,0.0595018320649008,0.0013900140038458,0.9391081134478252
228,2024-03-19,GE,138.4357605,138.4357605,138.8108521,134.876297,135.5227509,9360787,213.1771101,0.0,1.0,0.0,6.703774124616757e-05,0.999830722808838,0.0001022703654598
229,2024-03-19,GOOGL,147.0299988,147.0299988,148.7899933,146.0800018,148.1600037,24070400,213.1771101,0.0,1.0,0.0,0.0008199007716029,0.9939252734184264,0.0052548036910593
230,2024-03-19,HON,199.0399933,199.0399933,199.2400055,196.1199951,196.7599945,4524800,213.1771101,0.0,0.0,1.0,0.0002532276848796,0.0001673691294854,0.99957937002182
231,2024-03-19,IBM,193.3399963,193.3399963,193.5800018,190.2799988,191.4900055,5317300,213.1771101,0.0,1.0,1.0,0.000138008777867,0.5002900509280153,0.4995719535691023
232,2024-03-19,INTC,42.04999924,42.04999924,42.29000092,41.43999863,42.25,34673000,213.1771101,0.0,0.0,2.0,0.0002475603178027,0.0006825846758147,0.9990698397159576
233,2024-03-19,KYCCF,475.8999939,475.8999939,481.3999939,462.8699951,481.3999939,1800,213.1771101,0.0,0.0,1.0,0.0002253279526485,0.0002234092535218,0.999551236629486
234,2024-03-19,META,496.2399902,496.2399902,496.6300049,481.2799988,488.1700134,10903100,213.1771101,0.0,3.0,2.0,0.0118554553308058,0.5166186458940502,0.471525911007484
235,2024-03-19,MU,93.90935516,94.0,94.16000366,91.0,92.58000183,21054700,213.1771101,0.0,1.0,0.0,5.123825030750595e-05,0.9995655417442322,0.0003832485817838
236,2024-03-19,NVDA,893.9799805,893.9799805,905.4400024,850.0999756,867.0,67217100,213.1771101,1.0,1.0,4.0,0.1656351897327113,0.167462784947323,0.6669020694389474
237,2024-03-19,ORCL,129.1900024,129.1900024,129.2100067,126.4899979,127.75,10221000,213.1771101,0.0,2.0,0.0,0.0110228490375448,0.9028728902339936,0.0861042398755671
238,2024-03-19,PATH,23.12999916,23.12999916,23.17000008,22.35499954,22.54000092,8234600,213.1771101,0.0,0.0,1.0,0.0002056436933344,0.0001395163417328,0.9996548891067504
239,2024-03-19,PLTR,23.79999924,23.79999924,23.82999992,22.92000008,23.5,43247200,213.1771101,0.0,0.0,1.0,0.0001553299953229,0.0002415812778053,0.9996030926704408
240,2024-03-19,SAP,188.7100067,188.7100067,188.75,187.1000061,187.6799927,442600,213.1771101,0.0,1.0,1.0,0.0002886541915358,0.4992190227640094,0.500492284016218
241,2024-03-19,SIEGY,94.18000031,94.18000031,94.37999725,92.83000183,93.98000336,230000,213.1771101,0.0,1.0,0.0,8.310090197483078e-05,0.9997114539146424,0.0002054967189906
242,2024-03-19,SNPS,584.710022,584.710022,585.7399902,562.0,572.1799927,1557500,213.1771101,0.0,1.0,2.0,0.0001906742254504,0.3408249162360637,0.6589844055221571
243,2024-03-19,SQ,79.31999969,79.31999969,80.45999908,78.0,79.73999786,6112500,213.1771101,0.0,1.0,1.0,0.0007871251364122,0.4905341524427058,0.5086787175387144
244,2024-03-19,TER,103.4800034,103.4800034,103.7900009,101.5,101.8199997,2253300,213.1771101,0.0,3.0,1.0,0.0798928649455774,0.6730327177792788,0.2470744117163121
245,2024-03-19,TSLA,171.3200073,171.3200073,172.8200073,167.4199982,172.3600006,77271400,213.1771101,0.0,0.0,1.0,0.001600507996045,0.0003293727058917,0.9980701804161072
246,2024-03-19,TWLO,61.59000015,61.59000015,61.88999939,59.75,59.86000061,2852100,213.1771101,0.0,0.0,1.0,0.0001918385969474,0.0003937759320251,0.9994144439697266
247,2024-03-19,ZM,66.52999878,66.52999878,67.0,65.34999847,65.5,2341900,213.1771101,0.0,0.0,1.0,0.0001950968289747,0.0017394016031175,0.9980655312538148
248,2024-03-20,AAPL,178.6699982,178.6699982,178.6699982,175.0899963,175.7200012,53423100,215.769089,1.0,3.0,1.0,0.1292180277712759,0.6704589603468776,0.2003230158414226
249,2024-03-20,ADBE,519.1400146,519.1400146,523.8699951,512.5,523.289978,4239600,215.769089,0.0,0.0,2.0,0.00030933029484,0.0024827215202094,0.9972079694271088
250,2024-03-20,AI,28.64999962,28.64999962,28.87999916,27.81500053,28.29999924,4065000,215.769089,3.0,11.0,8.0,0.1328418986231554,0.4914749399451301,0.375683172438254
251,2024-03-20,AMZN,178.1499939,178.1499939,178.5299988,174.6399994,176.1399994,29947200,215.769089,0.0,3.0,3.0,0.0006812833526055,0.4847135309052343,0.5146052312532751
252,2024-03-20,ASML,970.9199829,970.9199829,974.2999878,946.8900146,956.0700073,838600,215.769089,0.0,1.0,0.0,0.0226489882916212,0.9693434238433838,0.0080076223239302
253,2024-03-20,CDNS,316.8599854,316.8599854,317.1000061,311.7200012,314.1700134,1297700,215.769089,0.0,0.0,3.0,0.0006863881377891,0.0005289583787089,0.9987846811612447
254,2024-03-20,DOCU,58.54000092,58.54000092,59.20000076,57.79000092,59.0,2039000,215.769089,1.0,0.0,2.0,0.3153767776384484,0.0146814899732513,0.669941712791721
255,2024-03-20,FTNT,67.87000275,67.87000275,68.05999756,67.01999664,67.79000092,4230300,215.769089,0.0,0.0,1.0,0.0001522521924925,0.0009380156407132,0.9989097118377686
256,2024-03-20,GOOGL,148.7400055,148.7400055,148.8600006,146.7400055,148.0,21311500,215.769089,0.0,2.0,0.0,0.0020098751119803,0.9935326874256134,0.004457394068595
257,2024-03-20,HON,201.1799927,201.1799927,201.7100067,198.3300018,198.5899963,2714400,215.769089,1.0,0.0,2.0,0.3298424773577911,0.0017294949769469,0.6684280472497145
258,2024-03-20,IBM,193.9600067,193.9600067,193.9799957,191.3099976,192.8699951,3238600,215.769089,0.0,1.0,2.0,0.0001884854015467,0.3342985014120738,0.6655129991510572
259,2024-03-20,INTC,42.20000076,42.20000076,43.00999832,41.40999985,42.99000168,74865000,215.769089,0.0,3.0,8.0,0.0002474272901467,0.2675268318496158,0.7322257321290884
260,2024-03-20,META,505.519989,505.519989,508.2000122,495.1700134,499.5,11711100,215.769089,0.0,1.0,0.0,4.862595596932806e-05,0.9998136162757874,0.0001378083106828
261,2024-03-20,NVDA,903.7199707,903.7199707,904.0999756,882.2299805,897.9699707,47906300,215.769089,0.0,0.0,1.0,0.0002177641144953,0.0001576044305693,0.9996246099472046
262,2024-03-20,PATH,23.31999969,23.31999969,23.48999977,22.71299934,23.17000008,7059200,215.769089,0.0,2.0,0.0,0.0004493338456086,0.967004895210266,0.0325456942737218
263,2024-03-20,QCOM,167.6699982,167.6699982,168.1699982,163.8300018,164.1000061,5995800,215.769089,2.0,1.0,0.0,0.7098596940437952,0.238619674462825,0.0515206299217728
264,2024-03-20,SAP,190.3800049,190.3800049,190.5399933,188.0500031,188.7700043,412400,215.769089,0.0,1.0,1.0,0.0653877422082587,0.43527377769351,0.4993384977569803
265,2024-03-20,SNPS,589.7800293,589.7800293,598.0,581.0599976,592.4899902,1135000,215.769089,0.0,3.0,3.0,0.0796224892692407,0.4753486737608909,0.4450288553101321
266,2024-03-20,TER,107.1100006,107.1100006,107.8000031,104.1500015,104.1500015,2435200,215.769089,0.0,1.0,1.0,0.0273996607793378,0.4722453856375068,0.5003549316897988
267,2024-03-20,TSLA,175.6600037,175.6600037,176.25,170.8200073,173.0,83846700,215.769089,0.0,1.0,0.0,0.0007828603847883,0.9991012811660768,0.0001158935629064
268,2024-03-20,ZS,197.3000031,197.3000031,197.8849945,193.8500061,196.2599945,1696800,215.769089,0.0,1.0,1.0,0.00312901964935,0.500489943951834,0.4963810134577215
269,2024-03-21,AAPL,171.3699951,171.3699951,177.4900055,170.8399963,177.0500031,106181300,217.3826425,2.0,2.0,4.0,0.2458891061760368,0.3124685520670027,0.4416423372895224
270,2024-03-21,ADBE,511.25,511.25,519.7299805,506.2000122,517.5999756,5206600,217.3826425,0.0,0.0,1.0,0.0012221549404785,0.0028494638390839,0.9959283471107484
271,2024-03-21,AI,28.37999916,28.37999916,29.45999908,28.34000015,29.21999931,4394900,217.3826425,0.0,3.0,10.0,0.0021345408285224,0.2365419918373495,0.7613234784769772
272,2024-03-21,AMD,178.6799927,178.6799927,187.6900024,177.6600037,185.9700012,75265600,217.3826425,0.0,0.0,2.0,0.0001789470552466,0.0012223125086165,0.9985987544059752
273,2024-03-21,AMZN,178.1499939,178.1499939,181.4199982,178.1499939,179.9900055,32824300,217.3826425,1.0,1.0,3.0,0.1936382872576359,0.2055880529544083,0.6007736723637208
274,2024-03-21,BIDU,101.6999969,101.6999969,103.6999969,101.6500015,103.5800018,2564200,217.3826425,0.0,1.0,0.0,0.0001686830219114,0.9996627569198608,0.0001686407194938
275,2024-03-21,CDNS,322.7999878,322.7999878,327.3599854,320.6499939,320.8699951,1907500,217.3826425,0.0,0.0,2.0,0.0007737621199339,0.0824138885363936,0.9168123602867126
276,2024-03-21,CRWD,329.4599915,329.4599915,333.230011,322.0499878,325.8900146,3253400,217.3826425,0.0,1.0,0.0,0.0043038483709096,0.9955722093582152,0.0001239061530213
277,2024-03-21,DOCU,58.70000076,58.70000076,59.29999924,58.18000031,58.97999954,1944000,217.3826425,0.0,1.0,0.0,0.2962416112422943,0.6995018720626831,0.0042565697804093
278,2024-03-21,FTNT,68.56999969,68.56999969,68.72000122,67.75,68.58000183,3716300,217.3826425,1.0,0.0,0.0,0.899053692817688,0.0926853418350219,0.0082610370591282
279,2024-03-21,HON,201.3800049,201.3800049,203.0899963,201.2899933,202.0,2811800,217.3826425,0.0,0.0,2.0,0.001627854493563,0.0014541892887791,0.9969179332256316
280,2024-03-21,IBM,191.8999939,191.8999939,193.3699951,190.0099945,193.0,6013600,217.3826425,0.0,1.0,1.0,0.000153953616973,0.4998130236708675,0.5000330358743668
281,2024-03-21,INTC,42.41999817,42.41999817,43.59999847,42.31999969,42.99000168,50807600,217.3826425,0.0,2.0,3.0,0.0203855005122022,0.4312446905532852,0.548369812805322
282,2024-03-21,META,507.7600098,507.7600098,515.039978,506.0100098,514.710022,9712500,217.3826425,0.0,2.0,0.0,0.0002796355038299,0.8859728276729584,0.1137475103896576
283,2024-03-21,MU,109.7440643,109.8499985,113.5,108.7799988,113.3700027,89554100,217.3826425,0.0,1.0,1.0,0.0001554465598019,0.5023318587336689,0.4975127197685651
284,2024-03-21,PATH,23.46999931,23.46999931,23.96999931,23.31999969,23.80999947,7276000,217.3826425,1.0,0.0,2.0,0.3326704316520287,0.0016177638705509,0.665711780670487
285,2024-03-21,PLTR,24.48999977,24.48999977,25.32999992,24.44000053,25.29999924,37099600,217.3826425,0.0,1.0,0.0,0.3519405126571655,0.62293541431427,0.0251241568475961
286,2024-03-21,QCOM,170.8500061,170.8500061,172.9199982,169.6300049,170.7400055,8497500,217.3826425,0.0,1.0,1.0,0.0001968295764527,0.498041251586983,0.5017619497375563
287,2024-03-21,SAP,194.8099976,194.8099976,196.6100006,192.0700073,192.3999939,617700,217.3826425,1.0,0.0,1.0,0.3727464927942492,0.1888697672693524,0.4383837580680847
288,2024-03-21,SIEGY,95.01999664,95.01999664,95.13999939,94.29000092,94.66000366,103700,217.3826425,0.0,1.0,1.0,0.0126986168615985,0.4839595640078187,0.5033418033272028
289,2024-03-21,SNPS,602.0100098,602.0100098,616.539978,593.0,600.0,1814000,217.3826425,0.0,0.0,2.0,0.001423996334779,0.0092296782968332,0.9893463253974916
290,2024-03-21,TER,111.4499969,111.4499969,113.0,108.8499985,109.3600006,2562700,217.3826425,0.0,5.0,0.0,0.1157841518521309,0.8821025967597962,0.0021132308524101
291,2024-03-21,TSLA,172.8200073,172.8200073,178.1799927,171.8000031,176.3899994,73178000,217.3826425,0.0,1.0,0.0,0.0001797526201698,0.9997044205665588,0.0001157784281531
292,2024-03-21,TWLO,61.54000092,61.54000092,62.68000031,61.51499939,62.13999939,2781500,217.3826425,0.0,1.0,0.0,0.0008541604038327,0.9569788575172424,0.0421669743955135
293,2024-03-21,ZS,198.0700073,198.0700073,202.6100006,196.4299927,199.5500031,1701900,217.3826425,0.0,0.0,2.0,0.0002524565716157,0.0004005419614259,0.9993470013141632
294,2024-03-22,AAPL,172.2799988,172.2799988,173.0500031,170.0599976,171.7599945,71106600,216.7614992,1.0,7.0,2.0,0.0757676284978515,0.6896005245042034,0.2346318462525232
295,2024-03-22,ADSK,262.8599854,262.8599854,267.0400085,262.730011,265.1099854,893000,216.7614992,0.0,0.0,1.0,0.0002091881615342,0.0030848325695842,0.996705949306488
296,2024-03-22,AI,27.81999969,27.81999969,28.38999939,27.43000031,28.21999931,3709900,216.7614992,1.0,8.0,6.0,0.0675976452240623,0.5852091406326508,0.3471931959807989
297,2024-03-22,AMZN,178.8699951,178.8699951,179.2599945,176.75,177.75,27964100,216.7614992,0.0,3.0,1.0,0.0004221329290885,0.685160362161696,0.3144175056368112
298,2024-03-22,BIDU,102.1800003,102.1800003,105.6999969,101.3300018,105.6800003,6088900,216.7614992,0.0,0.0,1.0,0.0001685474999248,0.0005144765600562,0.999316930770874
299,2024-03-22,CDNS,322.7399902,322.7399902,324.230011,318.5700073,322.75,1751900,216.7614992,0.0,0.0,2.0,0.0018170461262343,0.0023048806178849,0.9958781003952026
300,2024-03-22,CRWD,327.5799866,327.5799866,328.3900146,319.5499878,327.730011,2599700,216.7614992,1.0,0.0,0.0,0.5053562521934509,0.0074739996343851,0.4871696829795837
301,2024-03-22,DOCU,58.27000046,58.27000046,58.95000076,58.00999832,58.11000061,1628000,216.7614992,0.0,1.0,0.0,0.0002299219049746,0.9996381998062134,0.0001319315924774
302,2024-03-22,FTNT,68.30000305,68.30000305,68.93000031,67.52999878,68.91999817,2832000,216.7614992,1.0,0.0,0.0,0.9097057580947876,0.0583633221685886,0.0319309048354625
303,2024-03-22,GE,139.7845154,139.7845154,141.6600189,139.728653,140.7023163,6842132,216.7614992,0.0,2.0,0.0,6.980221587582491e-05,0.9998319149017334,9.819685874390416e-05
304,2024-03-22,GOOGL,150.7700043,150.7700043,151.5800018,148.9799957,149.1199951,29175700,216.7614992,0.0,1.0,0.0,7.827657100278884e-05,0.9997910857200624,0.0001306497579207
305,2024-03-22,HON,200.7299957,200.7299957,201.9700012,200.0899963,201.5200043,2061300,216.7614992,0.0,0.0,2.0,0.0458431762672262,0.0021389312460087,0.9520179331302644
306,2024-03-22,INTC,42.56999969,42.56999969,42.79999924,42.09000015,42.25,28435300,216.7614992,0.0,0.0,2.0,0.0001851164415711,0.0011608857312239,0.9986539781093596
307,2024-03-22,META,509.5799866,509.5799866,509.9700012,504.3399963,507.0,8117000,216.7614992,0.0,1.0,1.0,0.000480447008158,0.3042779145762324,0.6952416300773621
308,2024-03-22,MU,110.1037216,110.2099991,111.3399963,107.0500031,109.3099976,37249900,216.7614992,0.0,0.0,1.0,0.0002909064060077,7.470539276255295e-05,0.9996343851089478
309,2024-03-22,PATH,22.96999931,22.96999931,23.63999939,22.71999931,23.57999992,6523300,216.7614992,0.0,0.0,2.0,0.000235739047639,0.0006118866804172,0.9991523623466492
310,2024-03-22,QCOM,170.1000061,170.1000061,171.8999939,169.3000031,169.5500031,5644900,216.7614992,0.0,0.0,2.0,0.0491317498963326,0.0964767386903986,0.8543915152549744
311,2024-03-22,SNPS,594.2000122,594.2000122,604.9099731,588.2800293,601.0,1242200,216.7614992,0.0,0.0,2.0,0.0005070182451163,0.0010645945731084,0.9984284043312072
312,2024-03-22,TER,110.75,110.75,112.2699966,110.6699982,110.9199982,1812700,216.7614992,0.0,1.0,3.0,0.0388125577937898,0.3327492888638517,0.628438167146669
313,2024-03-22,TSLA,170.8300018,170.8300018,171.1999969,166.3000031,166.6900024,75454700,216.7614992,0.0,1.0,1.0,0.0003348379541421,0.4999921868329693,0.4996729577105725
314,2024-03-22,TWLO,61.56999969,61.56999969,61.84000015,61.02000046,61.38000107,2066400,216.7614992,0.0,0.0,1.0,0.0001553342590341,0.000878331484273,0.9989663362503052
315,2024-03-22,ZM,65.95999908,65.95999908,66.41000366,65.58000183,66.34999847,1521200,216.7614992,1.0,0.0,1.0,0.4943622817518189,0.0052338343084556,0.500403887941502
316,2024-03-22,ZS,194.9499969,194.9499969,199.0,193.2700043,197.5,1632900,216.7614992,2.0,0.0,0.0,0.92165207862854,0.0203146347776055,0.0580333520483691
317,2024-03-25,AAPL,170.8500061,170.8500061,171.9400024,169.4499969,170.5700073,54288300,216.0439473,4.0,13.0,7.0,0.1551734599728055,0.5367598490781044,0.3080666900532378
318,2024-03-25,ADBE,507.230011,507.230011,510.6300049,496.6900024,496.7900085,4277000,216.0439473,0.0,0.0,1.0,0.0054325717501342,0.001882987213321,0.9926844239234924
319,2024-03-25,ADSK,261.5700073,261.5700073,262.8200073,258.3299866,260.5899963,1076600,216.0439473,0.0,1.0,1.0,0.0007035750713839,0.5002602924359962,0.4990361686141114
320,2024-03-25,AI,27.62999916,27.62999916,28.32999992,26.89999962,27.86000061,5221100,216.0439473,0.0,11.0,7.0,0.0031802128394499,0.6349578537725998,0.3618619117437952
321,2024-03-25,AMD,178.6300049,178.6300049,182.8000031,172.0,172.8999939,71935300,216.0439473,2.0,1.0,0.0,0.6686022297168771,0.3309463070860753,0.0004514791507972
322,2024-03-25,AMZN,179.7100067,179.7100067,180.9900055,177.2400055,178.0099945,29815500,216.0439473,0.0,3.0,3.0,0.0693726736681128,0.5114127668784931,0.4192146135076958
323,2024-03-25,ASML,978.9299927,978.9299927,992.2800293,976.460022,979.1300049,860900,216.0439473,0.0,0.0,2.0,0.0001712263547233,0.0002551631769165,0.9995735883712769
324,2024-03-25,CDNS,316.2099915,316.2099915,318.6499939,313.2099915,318.6099854,1305800,216.0439473,0.0,0.0,1.0,0.0002955861855298,0.0047949007712304,0.9949094653129578
325,2024-03-25,CRM,306.0599976,306.0599976,307.7099915,302.5400085,303.7000122,4141200,216.0439473,0.0,2.0,0.0,6.65659572405275e-05,0.99958798289299,0.0003454600591794
326,2024-03-25,CRWD,324.7600098,324.7600098,329.25,321.0,326.0,1695200,216.0439473,0.0,1.0,7.0,0.0002507566532585,0.1510794304776936,0.8486698296273971
327,2024-03-25,DOCU,58.63000107,58.63000107,58.90000153,57.74000168,57.90999985,1475200,216.0439473,0.0,0.0,1.0,0.0001791379036149,0.0010227154707536,0.998798131942749
328,2024-03-25,FTNT,67.88999939,67.88999939,68.41000366,67.61000061,67.84999847,3296100,216.0439473,0.0,0.0,2.0,0.0006434620008803,0.1233232949016382,0.876033216714859
329,2024-03-25,GE,138.4597015,138.4597015,140.0718231,137.9010315,139.3934631,6288181,216.0439473,0.0,2.0,1.0,0.005282176110389,0.6849367022514343,0.3097811000673876
330,2024-03-25,HON,198.4799957,198.4799957,200.7100067,198.4299927,200.3800049,1961300,216.0439473,0.0,1.0,0.0,0.2540128231048584,0.6105713248252869,0.1354159265756607
331,2024-03-25,IBM,188.7899933,188.7899933,190.8200073,188.75,190.2599945,3718300,216.0439473,0.0,0.0,4.0,0.000321843115671,0.0003488069778541,0.9993293583393096
332,2024-03-25,INTC,41.83000183,41.83000183,42.22000122,40.56999969,40.88999939,47276500,216.0439473,4.0,3.0,0.0,0.5681678404019165,0.4291271419912976,0.0027050267734531
333,2024-03-25,MSFT,422.8599854,422.8599854,427.4100037,421.6099854,425.2399902,18060500,216.0439473,0.0,0.0,1.0,0.0187684148550033,8.715408330317587e-05,0.981144368648529
334,2024-03-25,PLTR,24.51000023,24.51000023,24.62000084,24.04999924,24.12000084,29255900,216.0439473,0.0,1.0,1.0,0.0001392032863805,0.5000669505097903,0.499793860130012
335,2024-03-25,QCOM,167.5200043,167.5200043,168.7700043,166.9700012,167.8800049,5682500,216.0439473,0.0,0.0,6.0,0.0002668761347498,0.0186278454154186,0.9811052680015564
336,2024-03-25,SAP,195.2799988,195.2799988,196.2400055,194.7799988,195.1499939,419500,216.0439473,0.0,1.0,1.0,0.000255671195191,0.4995859100272355,0.5001584284182172
337,2024-03-25,SHOP,78.41999817,78.41999817,79.55999756,77.73500061,78.09999847,4596000,216.0439473,0.0,0.0,1.0,0.0003763675049412,0.0005212012329138,0.9991024732589722
338,2024-03-25,SIEGY,94.33999634,94.33999634,95.16000366,94.23000336,94.41999817,93100,216.0439473,0.0,2.0,0.0,0.0095984867366496,0.9708621799945832,0.0195392693858593
339,2024-03-25,SNPS,584.3200073,584.3200073,588.1300049,580.6500244,586.9000244,1328000,216.0439473,0.0,1.0,2.0,0.0002977721245163,0.3396513047870637,0.6600509567069821
340,2024-03-25,TER,108.9000015,108.9000015,110.25,108.6200027,108.7900009,1561800,216.0439473,0.0,2.0,0.0,0.0739949643611908,0.9243958592414856,0.0016091693833004
341,2024-03-25,TSLA,172.6300049,172.6300049,175.2400055,168.7299957,168.7599945,74228600,216.0439473,0.0,2.0,0.0,0.0005687732955266,0.9989372789859772,0.000493938990985
342,2024-03-25,ZM,66.70999908,66.70999908,66.94000244,65.34999847,65.84999847,2227000,216.0439473,0.0,0.0,2.0,0.0025573632883606,0.0075141935958527,0.9899284541606904
343,2024-03-25,ZS,194.0700073,194.0700073,195.7700043,192.6600037,194.8399963,1214000,216.0439473,0.0,1.0,0.0,5.2826388127869e-05,0.999749720096588,0.000197440807824
344,2024-03-26,AAPL,169.7100067,169.7100067,171.4199982,169.5800018,170.0,57388400,215.5536655,2.0,10.0,4.0,0.1252925484657225,0.6247035642045375,0.2500038937132558
345,2024-03-26,ADBE,507.6000061,507.6000061,512.789978,503.5899963,508.0599976,2813300,215.5536655,0.0,2.0,3.0,0.0004985573075828,0.3998142523691058,0.5996871773138992
346,2024-03-26,ADSK,261.6700134,261.6700134,264.6300049,261.5100098,262.019989,939800,215.5536655,0.0,5.0,2.0,0.006183090275694,0.7195501568328057,0.2742667747079395
347,2024-03-26,AI,27.05999947,27.05999947,28.14999962,27.01000023,28.02000046,4096400,215.5536655,0.0,8.0,15.0,0.0006147342877659,0.3683231921743793,0.6310620802187654
348,2024-03-26,AMD,177.8699951,177.8699951,182.6000061,176.3300018,179.5399933,65322400,215.5536655,0.0,1.0,1.0,0.0001593901251908,0.5003975733416155,0.4994430367369205
349,2024-03-26,AMZN,178.3000031,178.3000031,180.4499969,177.9499969,180.1499939,29659000,215.5536655,0.0,1.0,1.0,0.0003788431549764,0.6885930597782135,0.3110280699620489
350,2024-03-26,ASML,971.2999878,971.2999878,989.3900146,970.8300171,986.7399902,706000,215.5536655,0.0,0.0,1.0,0.0005835175397805,0.134006068110466,0.8654103875160217
351,2024-03-26,BIDU,103.6600037,103.6600037,106.5800018,103.5999985,104.5699997,4040400,215.5536655,0.0,0.0,1.0,0.0002338034391868,0.0010206389706581,0.9987455606460572
352,2024-03-26,CDNS,316.0100098,316.0100098,321.3500061,315.0,317.0,1266800,215.5536655,0.0,0.0,1.0,0.0001491367002017,0.0003525194479152,0.9994983673095704
353,2024-03-26,CRM,305.8299866,305.8299866,307.980011,304.8900146,307.480011,3893900,215.5536655,0.0,1.0,1.0,0.0318535063415765,0.4688203828409314,0.4993261310155503
354,2024-03-26,CRWD,330.0100098,330.0100098,332.5,323.8599854,326.0,2417700,215.5536655,0.0,0.0,1.0,0.0001490965951234,0.0007652113563381,0.9990856647491456
355,2024-03-26,GOOGL,150.6699982,150.6699982,152.2599945,149.9799957,150.2200012,22149100,215.5536655,2.0,0.0,0.0,0.9112906754016876,0.0864813298394437,0.0022280084667727
356,2024-03-26,HON,201.0,201.0,201.4700012,197.75,198.0500031,2697100,215.5536655,0.0,0.0,2.0,0.0001727279450278,0.0007025351224001,0.9991247653961182
357,2024-03-26,IBM,188.5,188.5,190.0,188.5,189.0200043,4229500,215.5536655,0.0,0.0,5.0,0.0001769255206454,0.0003510086156893,0.9994720458984376
358,2024-03-26,INTC,41.99000168,41.99000168,42.27000046,41.65999985,41.95000076,39109700,215.5536655,0.0,1.0,1.0,0.0008569336641812,0.4994263979751849,0.4997167412111594
359,2024-03-26,META,495.8900146,495.8900146,510.0,495.2099915,505.1300049,11205400,215.5536655,0.0,1.0,0.0,0.000600669067353,0.9987892508506776,0.0006100420723669
360,2024-03-26,ORCL,126.4700012,126.4700012,126.9400024,125.8399963,126.75,7063900,215.5536655,1.0,0.0,1.0,0.4891286417550873,0.0010539724171394,0.5098173748701811
361,2024-03-26,QCOM,167.0700073,167.0700073,169.4199982,167.0,168.0500031,5289900,215.5536655,0.0,0.0,7.0,0.0004648820966914,0.0730923285279589,0.9264427934374128
362,2024-03-26,ROBO,58.04999924,58.04999924,58.45800018,58.04999924,58.38000107,39300,215.5536655,0.0,1.0,0.0,7.243876461870968e-05,0.9998772144317628,5.0275011744815856e-05
363,2024-03-26,SAP,196.6600037,196.6600037,198.5599976,196.5800018,197.6799927,556900,215.5536655,0.0,0.0,1.0,0.0002183952892664,0.0006289589218795,0.999152660369873
364,2024-03-26,SNPS,584.3200073,584.3200073,591.2700195,584.0,584.8800049,1024000,215.5536655,0.0,0.0,2.0,0.0005209730588831,0.1720191718777641,0.827459841966629
365,2024-03-26,TER,108.1399994,108.1399994,110.2200012,107.9899979,109.1800003,1732700,215.5536655,0.0,1.0,0.0,0.0420181863009929,0.9571091532707214,0.0008725716616027
366,2024-03-26,TSLA,177.6699982,177.6699982,184.25,177.3800049,178.5800018,113186200,215.5536655,0.0,1.0,1.0,0.0004314309408073,0.4998536875064019,0.4997148922266206
367,2024-03-26,ZM,66.34999847,66.34999847,67.39499664,66.18499756,67.0,1642100,215.5536655,0.0,0.0,2.0,0.0001784459309419,0.0004498827256611,0.9993717074394226
368,2024-03-26,ZS,195.6300049,195.6300049,196.0099945,192.5099945,195.8399963,1483300,215.5536655,0.0,0.0,1.0,0.0001992155303014,0.000252081954386,0.9995487332344056
369,2024-03-27,AAPL,173.3099976,173.3099976,173.6000061,170.1100006,170.4100037,60273300,214.6574635,1.0,7.0,3.0,0.064531317470193,0.6386305224712653,0.2968381558708973
370,2024-03-27,ADBE,504.3999939,504.3999939,516.8599854,499.7000122,515.4699707,4228400,214.6574635,0.0,1.0,3.0,0.0006423813520086,0.2585577411482518,0.7407998464768752
371,2024-03-27,ADSK,260.9700012,260.9700012,262.2999878,258.0299988,260.5899963,992300,214.6574635,0.0,3.0,3.0,0.0002292865477405,0.5274997063485595,0.4722710408980977
372,2024-03-27,AI,27.26000023,27.26000023,27.54899979,26.77000046,27.27000046,3539500,214.6574635,0.0,18.0,9.0,0.0062721111827596,0.6498165957853888,0.3439113047550361
373,2024-03-27,AMD,179.5899963,179.5899963,181.2299957,175.3999939,179.9600067,55685600,214.6574635,0.0,2.0,0.0,0.000378570286557,0.9311263859272004,0.0684950448121526
374,2024-03-27,AMZN,179.8300018,179.8300018,180.0,177.3099976,179.8800049,33272600,214.6574635,0.0,1.0,1.0,0.0012662652152357,0.4000628741341643,0.5986708402633667
375,2024-03-27,ANSS,347.9299927,347.9299927,354.3399963,345.0100098,352.8699951,457500,214.6574635,0.0,1.0,1.0,0.0393562537938123,0.3289058801019564,0.6317378878593445
376,2024-03-27,ASML,974.0100098,974.0100098,979.2000122,964.0700073,978.7800293,572100,214.6574635,1.0,2.0,1.0,0.3010639969397743,0.4430823127040639,0.2558536965516396
377,2024-03-27,CDNS,311.3399963,311.3399963,319.3699951,309.3099976,319.2399902,1075900,214.6574635,2.0,0.0,1.0,0.6650739815425671,0.0011420121785098,0.3337840023256528
378,2024-03-27,CRWD,322.25,322.25,333.8399963,317.5599976,333.3399963,3175600,214.6574635,0.0,0.0,2.0,0.0001747148635331,0.0006925044217496,0.999132752418518
379,2024-03-27,DOCU,59.27000046,59.27000046,59.29000092,57.99499893,58.52000046,1353800,214.6574635,0.0,0.0,1.0,0.0001683270820649,0.0002270426048198,0.9996046423912048
380,2024-03-27,FTNT,67.26999664,67.26999664,68.31999969,66.19000244,68.29000092,3535000,214.6574635,0.0,0.0,1.0,0.0004946961416862,0.0003364961885381,0.999168872833252
381,2024-03-27,HON,205.1300049,205.1300049,205.2599945,202.2100067,202.9400024,2760100,214.6574635,0.0,1.0,1.0,0.1829440459041507,0.3155686552927363,0.5014873192412779
382,2024-03-27,IBM,190.8000031,190.8000031,190.9600067,188.6000061,189.6000061,3693300,214.6574635,1.0,1.0,2.0,0.2496020010075881,0.2145142060471698,0.5358838229003595
383,2024-03-27,INTC,43.77000046,43.77000046,43.83000183,42.5,42.54000092,51017800,214.6574635,1.0,1.0,0.0,0.5359751805663109,0.4633568045683205,0.0006680243532173
384,2024-03-27,NVDA,902.5,902.5,932.4000244,891.2299805,931.1199951,58606700,214.6574635,0.0,1.0,1.0,0.0001218563193106,0.5000372978611267,0.4998407974671863
385,2024-03-27,ORCL,125.2699966,125.2699966,127.8199997,124.4700012,127.3300018,8115900,214.6574635,0.0,0.0,3.0,0.0003590686295259,0.1412647956652411,0.858376125494639
386,2024-03-27,PATH,22.78000069,22.78000069,23.04000092,22.38999939,22.86000061,5453200,214.6574635,0.0,0.0,1.0,0.0022936151362955,0.0002415519120404,0.9974647760391236
387,2024-03-27,PLTR,24.51000023,24.51000023,25.47999954,24.26000023,25.0,38600100,214.6574635,0.0,0.0,1.0,0.0001731312077026,0.0002443959529045,0.9995824694633484
388,2024-03-27,QCOM,169.1300049,169.1300049,169.4799957,166.9700012,169.4499969,6309700,214.6574635,1.0,1.0,2.0,0.2501649608821026,0.2500627557456027,0.4997722774132853
389,2024-03-27,SNOW,160.0399933,160.0399933,160.628006,157.6999969,159.6000061,4698100,214.6574635,1.0,0.0,1.0,0.4580281085800379,0.0709411185234785,0.4710307999630458
390,2024-03-27,SNPS,573.3499756,573.3499756,588.1199951,570.5100098,587.6400146,871300,214.6574635,0.0,0.0,1.0,0.0001891908323159,0.0002193133113905,0.9995915293693542
391,2024-03-27,SQ,83.18000031,83.18000031,85.66999817,82.23999786,84.94000244,5742300,214.6574635,0.0,2.0,0.0,0.0367058927949983,0.94307142496109,0.0202226340406923
392,2024-03-27,TER,111.5400009,111.5400009,111.6800003,108.5199966,108.9899979,1256500,214.6574635,0.0,1.0,0.0,0.080558069050312,0.916594922542572,0.0028470123652368
393,2024-03-27,ZM,66.62000275,66.62000275,66.95999908,65.93000031,66.61000061,1882900,214.6574635,1.0,0.0,0.0,0.8733097910881042,0.0880592614412307,0.0386309176683425
394,2024-03-27,ZS,193.4799957,193.4799957,197.7700043,192.5500031,197.3899994,1319800,214.6574635,0.0,1.0,2.0,0.0002035168581642,0.3338435501646017,0.6659528945068208
395,2024-03-28,AAPL,171.4799957,171.4799957,172.2299957,170.5099945,171.75,65672700,214.1220409,1.0,3.0,0.0,0.136864507530845,0.8528518378734589,0.0102836695295991
396,2024-03-28,ADBE,504.6000061,504.6000061,509.0,500.2600098,508.1199951,3897000,214.1220409,0.0,1.0,0.0,0.0001942328817676,0.9673575162887572,0.032448261976242
397,2024-03-28,ADSK,260.4200134,260.4200134,262.9500122,259.7399902,261.3099976,896000,214.1220409,0.0,2.0,1.0,0.0001038037929295,0.6665943427045325,0.3333018763441941
398,2024-03-28,AI,27.06999969,27.06999969,27.75,27.03000069,27.12000084,3108500,214.1220409,1.0,9.0,9.0,0.0530856378735686,0.4822130625428766,0.4647012905230727
399,2024-03-28,AMD,180.4900055,180.4900055,183.3999939,178.3000031,179.4700012,57628600,214.1220409,0.0,2.0,0.0,0.0001077858287317,0.9997854828834534,0.000106717194285
400,2024-03-28,AMZN,180.3800049,180.3800049,181.6999969,179.2599945,180.1699982,38051600,214.1220409,0.0,2.0,0.0,7.978756912052631e-05,0.9990027546882628,0.0009174641309073
401,2024-03-28,ANSS,347.1600037,347.1600037,349.9899902,345.1700134,349.9899902,432900,214.1220409,0.0,0.0,1.0,0.0002633971453178,0.0031503217760473,0.9965863227844238
402,2024-03-28,ASML,970.4699707,970.4699707,971.8699951,961.6500244,969.5499878,685700,214.1220409,0.0,2.0,3.0,0.0002665929234353,0.4003653532243333,0.5993680681895057
403,2024-03-28,BIDU,105.2799988,105.2799988,107.3300018,104.9700012,105.9499969,3016200,214.1220409,1.0,0.0,0.0,0.5457239151000977,0.435835599899292,0.0184404756873846
404,2024-03-28,CDNS,311.2799988,311.2799988,313.0100098,309.3900146,312.1600037,1331700,214.1220409,0.0,0.0,2.0,0.0065645516006043,0.0009419281923328,0.9924935400485992
405,2024-03-28,CRWD,320.5899963,320.5899963,327.6499939,319.9400024,322.4200134,2253100,214.1220409,1.0,0.0,2.0,0.1701743287994759,0.0103024369454942,0.8195232550303141
406,2024-03-28,FTNT,68.30999756,68.30999756,68.59999847,67.0,67.20999908,3922200,214.1220409,0.0,1.0,1.0,0.0012334900093264,0.4989772956469096,0.4997892656829208
407,2024-03-28,GE,140.0877838,140.0877838,143.6312866,139.1300812,143.6153259,12122274,214.1220409,0.0,2.0,0.0,7.181496766861528e-05,0.9986273050308228,0.0013008984788029
408,2024-03-28,HON,205.25,205.25,206.8200073,205.1799927,205.3999939,3594100,214.1220409,0.0,0.0,1.0,0.0006399097619578,0.2823454141616821,0.7170146703720093
409,2024-03-28,IBM,190.9600067,190.9600067,191.9299927,190.3399963,190.9400024,3742200,214.1220409,0.0,3.0,3.0,0.000376042418793,0.500189749179602,0.4994342069282235
410,2024-03-28,INTC,44.16999817,44.16999817,44.59999847,43.70999908,43.75999832,54204200,214.1220409,0.0,2.0,1.0,0.0003090942579243,0.5974530696839793,0.4022378201625542
411,2024-03-28,META,485.5799866,485.5799866,492.8900146,485.1499939,492.8399963,15212800,214.1220409,0.0,1.0,0.0,9.647978004068136e-05,0.9945452213287354,0.0053583113476634
412,2024-03-28,MSFT,420.7200012,420.7200012,421.8699951,419.1199951,420.9599915,21871200,214.1220409,0.0,0.0,2.0,0.0002860878885257,0.0001416124832758,0.999572366476059
413,2024-03-28,NVDA,903.5599976,903.5599976,913.0,891.9299927,900.0,43521200,214.1220409,0.0,1.0,1.0,0.0009113839914789,0.5000418862327933,0.4990467385941883
414,2024-03-28,OMRNY,35.83000183,35.83000183,36.0,35.0,35.0,42300,214.1220409,0.0,1.0,0.0,0.0005151042132638,0.8009270429611206,0.1985578536987304
415,2024-03-28,ORCL,125.6100006,125.6100006,126.1699982,125.1999969,125.3899994,6587400,214.1220409,0.0,0.0,1.0,0.04409084841609,0.0031870205421,0.9527221322059632
416,2024-03-28,PATH,22.67000008,22.67000008,23.04000092,22.59000015,22.87999916,5456000,214.1220409,0.0,0.0,1.0,0.0002193783584516,0.0036816229112446,0.9960989952087402
417,2024-03-28,PLTR,23.01000023,23.01000023,24.28000069,22.94000053,24.17000008,70008200,214.1220409,1.0,0.0,5.0,0.1668179760866527,0.0029231734903684,0.8302588295773603
418,2024-03-28,QCOM,169.3000031,169.3000031,169.8899994,167.9799957,169.1000061,5324000,214.1220409,1.0,0.0,3.0,0.2417632432807295,0.0528548566580866,0.7053819261491299
419,2024-03-28,SNOW,161.6000061,161.6000061,165.8899994,161.0,164.0200043,10106900,214.1220409,0.0,1.0,1.0,0.0001236800744663,0.5008984651649371,0.4989778757008025
420,2024-03-28,SNPS,571.5,571.5,577.0,570.0,576.1199951,999100,214.1220409,0.0,1.0,2.0,0.0160664750922781,0.3245413333813,0.6593921966850758
421,2024-03-28,SQ,84.58000183,84.58000183,84.91999817,83.19999695,83.79499817,5816800,214.1220409,0.0,2.0,0.0,9.975759166991338e-05,0.999693751335144,0.0002065526423393
422,2024-03-28,TER,112.8300018,112.8300018,113.2799988,111.5699997,111.6399994,2046900,214.1220409,0.0,2.0,2.0,0.0085580679078702,0.5126238193806785,0.4788180976320291
423,2024-03-28,TWLO,61.15000153,61.15000153,61.47000122,60.81000137,61.0,5440700,214.1220409,1.0,0.0,1.0,0.2767509042460006,0.2140895160846412,0.509159579873085
424,2024-03-28,ZM,65.37000275,65.37000275,66.86000061,65.33000183,66.86000061,2605800,214.1220409,0.0,0.0,1.0,0.0001609053142601,0.0002977518015541,0.999541401863098
425,2024-03-28,ZS,192.6300049,192.6300049,194.1799927,190.75,191.2899933,1628200,214.1220409,0.0,0.0,1.0,0.000500890891999,0.0005554692470468,0.9989436268806458
426,2024-04-01,AAPL,170.0299988,170.0299988,171.25,169.4799957,171.1900024,46240500,220.3814814,1.0,1.0,2.0,0.320555443111516,0.1850940302101662,0.4943505484989146
427,2024-04-01,ADBE,502.0899963,502.0899963,506.9200134,499.3099976,504.9899902,2056000,220.3814814,0.0,0.0,1.0,0.0003295529750175,0.0069156233221292,0.9927547574043274
428,2024-04-01,ADSK,259.4400024,259.4400024,260.75,256.3900146,259.8999939,791600,220.3814814,0.0,1.0,2.0,0.1181191543485814,0.2153114271641243,0.666569432495938
429,2024-04-01,AI,26.39999962,26.39999962,27.10000038,26.07999992,27.0,4118900,220.3814814,0.0,8.0,5.0,0.0006218631841385,0.643689770054502,0.3556883588216106
430,2024-04-01,AMD,183.3399963,183.3399963,187.2400055,179.8999939,180.1000061,74299900,220.3814814,0.0,0.0,1.0,0.00019861976034,0.0001140072854468,0.999687433242798
431,2024-04-01,AMZN,180.9700012,180.9700012,183.0,179.9499969,180.7899933,29174500,220.3814814,0.0,2.0,0.0,0.0006951889226911,0.9942737817764282,0.00503104965901
432,2024-04-01,ANSS,347.480011,347.480011,348.9700012,344.4500122,347.1600037,539200,220.3814814,0.0,1.0,0.0,0.0001643432478886,0.9965452551841736,0.0032904658000916
433,2024-04-01,ASML,992.9500122,992.9500122,1022.659973,979.7600098,979.7600098,1108500,220.3814814,0.0,0.0,2.0,0.0004067706540809,0.0709628894983325,0.9286303520202636
434,2024-04-01,CDNS,312.1300049,312.1300049,313.9700012,308.6499939,310.4599915,901100,220.3814814,0.0,1.0,1.0,0.000213167109905,0.5022823379840702,0.4975045374594629
435,2024-04-01,CRM,302.2600098,302.2600098,303.5100098,299.9899902,301.6900024,2918100,220.3814814,0.0,1.0,0.0,0.0001024978046189,0.997994303703308,0.0019031220581382
436,2024-04-01,CRWD,319.5899963,319.5899963,321.9899902,313.7200012,321.0,1830900,220.3814814,0.0,0.0,3.0,0.0003232237019498,0.0264879457827191,0.973188817501068
437,2024-04-01,DOCU,58.22999954,58.22999954,59.70800018,58.22000122,59.31999969,1535900,220.3814814,0.0,0.0,1.0,0.0002638452278915,0.0003084880881942,0.999427616596222
438,2024-04-01,FTNT,67.81999969,67.81999969,68.73000336,66.73000336,68.73000336,3003400,220.3814814,0.0,0.0,1.0,0.0005379678914323,0.0058646039105951,0.9935973882675172
439,2024-04-01,GOOGL,155.4900055,155.4900055,155.7400055,150.6100006,150.6900024,31730800,220.3814814,0.0,0.0,1.0,0.0002354641037527,0.0011927187442779,0.998571753501892
440,2024-04-01,HON,202.0099945,202.0099945,205.8899994,201.8899994,205.3899994,2221900,220.3814814,0.0,0.0,3.0,0.0002776140851589,0.0004921111394651,0.9992302656173706
441,2024-04-01,IBM,189.8300018,189.8300018,190.4600067,188.5200043,190.0,2364300,220.3814814,0.0,0.0,5.0,0.0026817717356607,0.0018343656847719,0.9954838514328004
442,2024-04-01,INTC,44.52000046,44.52000046,45.40999985,44.18000031,44.29000092,31712600,220.3814814,2.0,1.0,0.0,0.5230879016138109,0.4574588237640758,0.0194532608196216
443,2024-04-01,META,491.3500061,491.3500061,497.4299927,481.7799988,487.2000122,9247000,220.3814814,0.0,1.0,1.0,0.0003078578338318,0.5027594557031989,0.4969326932914555
444,2024-04-01,MSFT,424.5700073,424.5700073,427.8900146,422.2200012,423.9500122,16316000,220.3814814,0.0,0.0,1.0,0.0002924744912888,0.0085359616205096,0.9911715388298036
445,2024-04-01,MU,124.3000031,124.3000031,127.3799973,119.0,119.1999969,44309400,220.3814814,0.0,0.0,1.0,0.0001610724721103,0.0001356210996164,0.9997032284736632
446,2024-04-01,PATH,22.19000053,22.19000053,22.82999992,21.95999908,22.60000038,5593700,220.3814814,0.0,0.0,2.0,0.0006658465863438,0.0007677649700781,0.99856635928154
447,2024-04-01,QCOM,171.7200012,171.7200012,172.8000031,168.2100067,168.2700043,6679100,220.3814814,1.0,2.0,1.0,0.2759599966811947,0.4404390687122941,0.2836009012535214
448,2024-04-01,SHOP,78.19000244,78.19000244,78.62999725,76.27999878,77.34999847,6588400,220.3814814,0.0,1.0,0.0,7.404237112496048e-05,0.99981290102005,0.0001130610326072
449,2024-04-01,SNPS,576.8900146,576.8900146,582.6699829,571.7199707,578.0700073,609100,220.3814814,0.0,0.0,1.0,0.0010669702896848,0.0258148442953825,0.973118245601654
450,2024-04-01,TER,112.9499969,112.9499969,114.8300018,111.8799973,112.8499985,1346600,220.3814814,0.0,1.0,0.0,0.1155319884419441,0.8827894926071167,0.0016785430489107
451,2024-04-01,TSLA,175.2200012,175.2200012,176.75,170.2100067,176.1699982,81562100,220.3814814,1.0,2.0,1.0,0.2499649714009137,0.5029533948691096,0.2470816497225314
452,2024-04-01,TWLO,62.45000076,62.45000076,63.40000153,61.22999954,61.34999847,3858600,220.3814814,0.0,1.0,3.0,0.0013018700201428,0.3368080928921699,0.6618900317698717
453,2024-04-01,ZM,64.73000336,64.73000336,67.04000092,64.6190033,67.04000092,2955100,220.3814814,0.0,2.0,1.0,0.0003174327818366,0.6485856069872776,0.3510969995210568
454,2024-04-01,ZS,192.1300049,192.1300049,193.7799988,189.5910034,192.5,1336400,220.3814814,0.0,0.0,3.0,0.0610532762123815,0.021312216228883,0.9176345070203146
