Date,Ticker,Adj Close,Close,High,Low,Open,Volume,Avg Closing Price
2024-03-04,0020.HK,0.8899999857,0.8899999857,0.9300000072,0.8899999857,0.8999999762,230878307,215.0636285
2024-03-04,002230.SZ,52.33000183,52.33000183,53.22000122,51.50999832,52.56999969,83211122,215.0636285
2024-03-04,AAPL,175.1000061,175.1000061,176.8999939,173.7899933,176.1499939,81510100,215.0636285
2024-03-04,ADBE,567.9400024,567.9400024,576.25,564.0999756,572.8499756,2556400,215.0636285
2024-03-04,ADSK,260.7000122,260.7000122,263.8500061,259.6600037,263.0100098,1945000,215.0636285
2024-03-04,AI,34.06999969,34.06999969,37.54000092,33.81000137,36.47000122,14609400,215.0636285
2024-03-04,AMD,205.3600006,205.3600006,211.0099945,203.5,205.1600037,86835300,215.0636285
2024-03-04,AMZN,177.5800018,177.5800018,180.1399994,177.4900055,177.5299988,37381500,215.0636285
2024-03-04,ANSS,340.480011,340.480011,342.5,338.5599976,340.3699951,583800,215.0636285
2024-03-04,ASML,998.039978,998.039978,1007.679993,987.75,992.5999756,1433000,215.0636285
2024-03-04,BIDU,100.7200012,100.7200012,103.0500031,100.3600006,103,4629300,215.0636285
2024-03-04,CDNS,317.3099976,317.3099976,320.7799988,313.9599915,315.2399902,1593000,215.0636285
2024-03-04,CRM,314.2295532,314.6400146,317.6499939,313.5400085,314.5700073,9350000,215.0636285
2024-03-04,CRWD,313.8099976,313.8099976,317.9899902,311.2900085,317.3299866,4796600,215.0636285
2024-03-04,DOCU,53.54999924,53.54999924,55.09999847,53.29499817,54.90000153,2327400,215.0636285
2024-03-04,FTNT,71.38999939,71.38999939,71.69000244,70.5,70.69000244,4277700,215.0636285
2024-03-04,GE,128.4996033,128.4996033,129.1061401,126.560257,127.1907425,8402242,215.0636285
2024-03-04,GOOGL,133.3500061,133.3500061,135.6600037,131.9100037,135.6600037,55999400,215.0636285
2024-03-04,HON,199.2400055,199.2400055,199.7899933,198.1600037,198.4299927,2148900,215.0636285
2024-03-04,IBM,193.0599976,193.0599976,193.8999939,187.6000061,187.7599945,7938300,215.0636285
2024-03-04,INTC,45.61000061,45.61000061,46.61000061,43.84999847,44.27000046,59990800,215.0636285
2024-03-04,KYCCF,485.0936279,486.1600037,495.3900146,463,463.5799866,1800,215.0636285
2024-03-04,META,498.1900024,498.1900024,504.4200134,496.4200134,503,12324100,215.0636285
2024-03-04,MSFT,414.9200134,414.9200134,417.3500061,412.3200073,413.4400024,17596000,215.0636285
2024-03-04,MU,95.67764282,95.76999664,97.37999725,94.62000275,96.93000031,20913200,215.0636285
2024-03-04,NVDA,852.3300171,852.3699951,876.9500122,837.1900024,841.2999878,61561600,215.0636285
2024-03-04,OMRNY,37.75999832,37.75999832,38.79000092,37.59000015,38.79000092,22100,215.0636285
2024-03-04,ORCL,114.0599976,114.0599976,114.5999985,113.3899994,113.5800018,6588100,215.0636285
2024-03-04,PATH,23.65999985,23.65999985,24,23.42000008,23.67000008,7147700,215.0636285
2024-03-04,PLTR,24.04000092,24.04000092,24.57999992,23.53000069,24.39999962,64320000,215.0636285
2024-03-04,QCOM,166.5599976,166.5599976,167.8300018,164.7200012,165.1199951,11865100,215.0636285
2024-03-04,ROBO,58.15000153,58.15000153,58.41999817,58.02000046,58.13000107,56400,215.0636285
2024-03-04,SAP,190.8200073,190.8200073,191.3300018,189.1799927,189.3600006,659300,215.0636285
2024-03-04,SHOP,75.76999664,75.76999664,76.52999878,73.98999786,76.47000122,7395000,215.0636285
2024-03-04,SIEGY,97.30000305,97.30000305,100.0899963,97.22000122,98.41000366,139700,215.0636285
2024-03-04,SNOW,177.9299927,177.9299927,186.5500031,175.2949982,185.8899994,16342300,215.0636285
2024-03-04,SNPS,594.3200073,594.3200073,604.3499756,591.2999878,597.7600098,1063600,215.0636285
2024-03-04,SPLK,156.2200012,156.2200012,156.2700043,156.1000061,156.1300049,1505047,215.0636285
2024-03-04,SQ,77,77,79.66999817,76.88999939,79.41999817,8523300,215.0636285
2024-03-04,TER,105.8300018,105.8300018,106.9300003,105.4300003,106.6399994,1252200,215.0636285
2024-03-04,TSLA,188.1399994,188.1399994,199.75,186.7200012,198.7299957,134334900,215.0636285
2024-03-04,TWLO,60.22999954,60.22999954,60.36100006,58.96500015,60.27999878,2149400,215.0636285
2024-03-04,ZM,69.70999908,69.70999908,70.91999817,69.48999786,70.91000366,5257900,215.0636285
2024-03-04,ZS,214.2200012,214.2200012,221.6199951,212.6300049,220.1199951,4141500,215.0636285
2024-03-05,0020.HK,0.8299999833,0.8299999833,0.8899999857,0.8199999928,0.8799999952,366845043,209.81013
2024-03-05,002230.SZ,52.50999832,52.50999832,54.34000015,51.58000183,52,108417973,209.81013
2024-03-05,AAPL,170.1199951,170.1199951,172.0399933,169.6199951,170.7599945,95132400,209.81013
2024-03-05,ADBE,544.8400269,544.8400269,564.1900024,539.3499756,562.5999756,4286800,209.81013
2024-03-05,ADSK,247.2899933,247.2899933,257.5100098,246.1699982,257.3500061,1850300,209.81013
2024-03-05,AI,31.26000023,31.26000023,33.5340004,30.88999939,33,11402500,209.81013
2024-03-05,AMD,205.1300049,205.1300049,205.3300018,199.1499939,200.5,65407100,209.81013
2024-03-05,AMZN,174.1199951,174.1199951,176.9299927,173.3000031,176.9299927,37228300,209.81013
2024-03-05,ANSS,328.7900085,328.7900085,339.0599976,327.3500061,337.25,420200,209.81013
2024-03-05,ASML,968.8400269,968.8400269,992.039978,958.6900024,989.710022,1259500,209.81013
2024-03-05,BIDU,98.25,98.25,100.3000031,98.16000366,98.61000061,3789800,209.81013
2024-03-05,CDNS,307.7000122,307.7000122,316.9500122,304.2399902,313.3800049,1744300,209.81013
2024-03-05,CRM,298.36026,298.75,312.5499878,296.1400146,311.3099976,9015300,209.81013
2024-03-05,CRWD,297.5599976,297.5599976,308.5,289.7999878,307.5299988,13249300,209.81013
2024-03-05,DOCU,51.77999878,51.77999878,53.13999939,51.11999893,52.88000107,2395700,209.81013
2024-03-05,FTNT,69.04000092,69.04000092,71.06999969,67.30999756,71.06999969,6840700,209.81013
2024-03-05,GE,125.9856339,125.9856339,129.4094238,124.9640884,128.9066315,8003663,209.81013
2024-03-05,GOOGL,132.6699982,132.6699982,133.2400055,130.6699982,131.8800049,40194800,209.81013
2024-03-05,HON,197.3500061,197.3500061,199.5299988,196.6300049,199.1300049,2532200,209.81013
2024-03-05,IBM,191.9499969,191.9499969,193.9400024,190.5700073,192,5653600,209.81013
2024-03-05,INTC,43.15999985,43.15999985,44.86999893,42.68999863,44.56000137,56655100,209.81013
2024-03-05,KYCCF,497.057312,498.1499939,500,485.5100098,497.9200134,1700,209.81013
2024-03-05,META,490.2200012,490.2200012,495.5799866,487.8900146,495,15325300,209.81013
2024-03-05,MSFT,402.6499939,402.6499939,414.25,400.6400146,413.9599915,26919200,209.81013
2024-03-05,MU,94.37889862,94.47000122,95.37000275,93.27999878,94.25,12887500,209.81013
2024-03-05,NVDA,859.6400146,859.6400146,860.9699707,834.1699829,852.7000122,52063900,209.81013
2024-03-05,OMRNY,36.91999817,36.91999817,37.86999893,36.88000107,37.86999893,51800,209.81013
2024-03-05,ORCL,110.9400024,110.9400024,113.1999969,110.3700027,112.8199997,8242000,209.81013
2024-03-05,PATH,22.42000008,22.42000008,23.39999962,22.14999962,23.05999947,10968200,209.81013
2024-03-05,PLTR,23.80999947,23.80999947,24.4090004,23.43000031,23.95999908,49542300,209.81013
2024-03-05,QCOM,161.4499969,161.4499969,165.5899963,160.2299957,164.7299957,9608800,209.81013
2024-03-05,ROBO,57.40999985,57.40999985,58.05699921,57.22999954,57.99000168,128200,209.81013
2024-03-05,SAP,187.4600067,187.4600067,191.3399963,186.5899963,191.2299957,816100,209.81013
2024-03-05,SHOP,73.47000122,73.47000122,74.93000031,72.63999939,74.80000305,8691200,209.81013
2024-03-05,SIEGY,96.81999969,96.81999969,97.88999939,96.31999969,97.44000244,159900,209.81013
2024-03-05,SNOW,167.75,167.75,175.3300018,166.3200073,175.0299988,14716900,209.81013
2024-03-05,SNPS,565.2600098,565.2600098,591.2299805,560.5,589.1099854,977100,209.81013
2024-03-05,SPLK,156.4400024,156.4400024,156.4701996,156.2899933,156.4199982,2218111,209.81013
2024-03-05,SQ,74.43000031,74.43000031,76.55000305,73.76999664,76.09999847,7204400,209.81013
2024-03-05,TER,103.7600021,103.7600021,105.4199982,102.4300003,104.7099991,1264900,209.81013
2024-03-05,TSLA,180.7400055,180.7400055,184.5899963,177.5700073,183.0500031,119660800,209.81013
2024-03-05,TWLO,56.65999985,56.65999985,59.20000076,55.97000122,59.00999832,5930200,209.81013
2024-03-05,ZM,66.48999786,66.48999786,69.19000244,66.05999756,68.73000336,4874600,209.81013
2024-03-05,ZS,206.3600006,206.3600006,210.0549927,199.2899933,209.9400024,5002100,209.81013
2024-03-06,0020.HK,0.8399999738,0.8399999738,0.8600000143,0.8199999928,0.8399999738,245277966,213.5039646
2024-03-06,002230.SZ,52.06000137,52.06000137,52.79999924,51.27999878,52.08000183,68547583,213.5039646
2024-03-06,AAPL,169.1199951,169.1199951,171.2400055,168.6799927,171.0599976,68587700,213.5039646
2024-03-06,ADBE,543.0900269,543.0900269,550.6400146,538.1500244,548,3209800,213.5039646
2024-03-06,ADSK,251.1000061,251.1000061,252.2299957,248.1499939,248.1499939,1008100,213.5039646
2024-03-06,AI,32.45999908,32.45999908,33.33000183,31.87999916,32.79999924,9760600,213.5039646
2024-03-06,AMD,210.6300049,210.6300049,214.8099976,207.3200073,210.4299927,86687000,213.5039646
2024-03-06,AMZN,173.5099945,173.5099945,176.4600067,173.2599945,175.5399933,32090900,213.5039646
2024-03-06,ANSS,335.8599854,335.8599854,338,329.8800049,331.7799988,439500,213.5039646
2024-03-06,ASML,1003.929993,1003.929993,1009.630005,981.4699707,986.9400024,1304500,213.5039646
2024-03-06,BIDU,99.37999725,99.37999725,100.8899994,99.13999939,100.0500031,3788500,213.5039646
2024-03-06,CDNS,312.6499939,312.6499939,315.8099976,307.1499939,311.6900024,1206500,213.5039646
2024-03-06,CRM,303.3736877,303.769989,305.8900146,302.7399902,304.6499939,8270000,213.5039646
2024-03-06,CRWD,329.5700073,329.5700073,365,324.0100098,360.0499878,23050900,213.5039646
2024-03-06,DOCU,52.47000122,52.47000122,53.68999863,52.09999847,53.08000183,3276800,213.5039646
2024-03-06,FTNT,71.31999969,71.31999969,71.73000336,69.11000061,70.97000122,7401200,213.5039646
2024-03-06,GE,127.2944946,127.2944946,128.4756622,126.4724655,126.9752579,8198755,213.5039646
2024-03-06,GOOGL,131.3999939,131.3999939,133.5800018,130.8500061,133.1199951,35318600,213.5039646
2024-03-06,HON,200.5,200.5,202.4100037,198.6699982,199.5,2713400,213.5039646
2024-03-06,IBM,196.1600037,196.1600037,198.1300049,192.9600067,193.5,6945800,213.5039646
2024-03-06,INTC,44.50999832,44.50999832,45.50999832,43.56000137,43.93000031,52652000,213.5039646
2024-03-06,KYCCF,496.3588867,497.4500122,508.2000122,482.7600098,482.7600098,1600,213.5039646
2024-03-06,META,496.0899963,496.0899963,502.9700012,494.2900085,497.6300049,11757900,213.5039646
2024-03-06,MSFT,402.0899963,402.0899963,405.1600037,398.3900146,402.9700012,22344100,213.5039646
2024-03-06,MU,95.4678421,95.55999756,96.43000031,94.55999756,95.05000305,14232400,213.5039646
2024-03-06,NVDA,887,887,897.2399902,870.2999878,880.2199707,58252000,213.5039646
2024-03-06,OMRNY,38.34999847,38.34999847,38.34999847,37.5,37.5,29000,213.5039646
2024-03-06,ORCL,112.2699966,112.2699966,113.0500031,110.6699982,111.5,6706400,213.5039646
2024-03-06,PATH,23.19000053,23.19000053,23.5,22.65999985,23.02000046,6830500,213.5039646
2024-03-06,PLTR,26.15999985,26.15999985,26.75,24.53000069,25.75,207386900,213.5039646
2024-03-06,QCOM,167.8899994,167.8899994,169.25,164.3300018,164.8200073,12230500,213.5039646
2024-03-06,ROBO,58.31000137,58.31000137,58.69900131,57.93999863,57.93999863,54500,213.5039646
2024-03-06,SAP,190.6799927,190.6799927,191.7799988,189.9600067,190.1999969,599600,213.5039646
2024-03-06,SHOP,74.01000214,74.01000214,74.84999847,72.91500092,74.18000031,5757300,213.5039646
2024-03-06,SIEGY,98.09999847,98.09999847,98.33000183,97.48000336,97.80999756,76500,213.5039646
2024-03-06,SNOW,167,167,171.3600006,163.3699951,170,12733400,213.5039646
2024-03-06,SNPS,575.9699707,575.9699707,582.5200195,567.0100098,574.9099731,787800,213.5039646
2024-03-06,SPLK,156.2100067,156.2100067,156.4799957,156.1999969,156.4299927,1714467,213.5039646
2024-03-06,SQ,75.52999878,75.52999878,77.13500214,75.18699646,75.66999817,7376800,213.5039646
2024-03-06,TER,106.75,106.75,107.7799988,105.7600021,105.9899979,1497400,213.5039646
2024-03-06,TSLA,176.5399933,176.5399933,181.5800018,173.6999969,179.9900055,107920900,213.5039646
2024-03-06,TWLO,58.56000137,58.56000137,58.58000183,56.54999924,57.56999969,4814600,213.5039646
2024-03-06,ZM,66.41999817,66.41999817,67.77999878,66.30999756,67.19000244,2925100,213.5039646
2024-03-06,ZS,202.4199982,202.4199982,217.1699982,200.8099976,214.6199951,4348100,213.5039646
2024-03-07,0020.HK,0.8299999833,0.8299999833,0.8899999857,0.8299999833,0.8399999738,478041264,217.5493435
2024-03-07,002230.SZ,50.27000046,50.27000046,52.65999985,50,52.27999878,71449754,217.5493435
2024-03-07,AAPL,169,169,170.7299957,168.4900055,169.1499939,71765100,217.5493435
2024-03-07,ADBE,556.039978,556.039978,558.3800049,541.5900269,550,2660500,217.5493435
2024-03-07,ADSK,253.8399963,253.8399963,256.0899963,250.8899994,252.8899994,1380900,217.5493435
2024-03-07,AI,31.77000046,31.77000046,33,31.74900055,32.63999939,6714800,217.5493435
2024-03-07,AMD,211.3800049,211.3800049,213.8300018,208.2200012,212.5200043,63869000,217.5493435
2024-03-07,AMZN,176.8200073,176.8200073,177.9900055,173.7200012,174.8300018,34063300,217.5493435
2024-03-07,ANSS,339.3699951,339.3699951,340.8800049,335.4100037,338.7099915,339300,217.5493435
2024-03-07,ASML,1047.390015,1047.390015,1056.339966,1014.820007,1015.669983,1580300,217.5493435
2024-03-07,BIDU,97.80999756,97.80999756,98.87999725,96.58000183,98.77999878,3646400,217.5493435
2024-03-07,CDNS,318.0400085,318.0400085,319.8299866,312.6499939,316.0100098,1177200,217.5493435
2024-03-07,CRM,302.0254822,302.4200134,306.769989,301.75,306,6788900,217.5493435
2024-03-07,CRWD,329.6799927,329.6799927,331.8500061,315.2099915,329.75,9729500,217.5493435
2024-03-07,DOCU,53.56000137,53.56000137,54.10499954,52.65000153,52.90999985,8451100,217.5493435
2024-03-07,FTNT,73.06999969,73.06999969,73.33000183,71.19000244,71.94999695,6314300,217.5493435
2024-03-07,GE,132.8810883,132.8810883,133.0646515,128.9465332,129.3216248,14393838,217.5493435
2024-03-07,GOOGL,134.3800049,134.3800049,134.9400024,131.6100006,132.7899933,37738200,217.5493435
2024-03-07,HON,202.6100006,202.6100006,203.2599945,201.7299957,202.2100067,2447500,217.5493435
2024-03-07,IBM,196.5399933,196.5399933,198.7299957,196.1399994,197.5800018,4604500,217.5493435
2024-03-07,INTC,46.15000153,46.15000153,46.41999817,45.18000031,45.54999924,50378200,217.5493435
2024-03-07,KYCCF,488.8753357,489.9500122,504.6700134,476.75,476.75,4500,217.5493435
2024-03-07,META,512.1900024,512.1900024,519.8499756,501.3800049,503.2799988,18586400,217.5493435
2024-03-07,MSFT,409.1400146,409.1400146,409.7799988,402.2399902,406.1199951,18718500,217.5493435
2024-03-07,MU,98.884552,98.98000336,99.69000244,97.47000122,98.93000031,24843300,217.5493435
2024-03-07,NVDA,926.6900024,926.6900024,927.6699829,896.0200195,901.5800171,60811900,217.5493435
2024-03-07,OMRNY,37.93999863,37.93999863,38.90999985,37.77999878,38.34999847,43400,217.5493435
2024-03-07,ORCL,114.5400009,114.5400009,114.8000031,112.2900009,113.9400024,7670100,217.5493435
2024-03-07,PATH,23.60000038,23.60000038,23.77000046,23.32999992,23.46999931,7431600,217.5493435
2024-03-07,PLTR,26.45999908,26.45999908,27.5,26.37999916,27.01000023,117519300,217.5493435
2024-03-07,QCOM,175.7200012,175.7200012,177.5899963,169.4299927,169.6000061,14495100,217.5493435
2024-03-07,ROBO,59.18000031,59.18000031,59.25999832,58.63000107,58.79999924,157800,217.5493435
2024-03-07,SAP,195.5700073,195.5700073,195.9900055,193.1199951,193.25,961400,217.5493435
2024-03-07,SHOP,75.33000183,75.33000183,75.95999908,73.19999695,74.26000214,7592500,217.5493435
2024-03-07,SIEGY,99.58000183,99.58000183,99.63999939,98.62999725,98.80999756,222900,217.5493435
2024-03-07,SNOW,168.4400024,168.4400024,169.1600037,163.7100067,167,9049600,217.5493435
2024-03-07,SNPS,583.3499756,583.3499756,588.1300049,577.9099731,583.1900024,756000,217.5493435
2024-03-07,SPLK,156.3399963,156.3399963,156.5399933,156.25,156.3500061,1619750,217.5493435
2024-03-07,SQ,77.22000122,77.22000122,77.79000092,75.66999817,76.81999969,6906600,217.5493435
2024-03-07,TER,109.9899979,109.9899979,110.5500031,107.0400009,107.2300034,1576700,217.5493435
2024-03-07,TSLA,178.6499939,178.6499939,180.0399933,173.6999969,174.3500061,102129000,217.5493435
2024-03-07,TWLO,61.15999985,61.15999985,61.35499954,58.68999863,59,4960700,217.5493435
2024-03-07,ZM,67.02999878,67.02999878,67.45999908,66.55000305,66.55000305,2483500,217.5493435
2024-03-07,ZS,201.2700043,201.2700043,202.8899994,197.0200043,202.5800018,3349400,217.5493435
2024-03-08,0020.HK,0.8600000143,0.8600000143,0.8700000048,0.8299999833,0.8399999738,260678600,213.4455988
2024-03-08,002230.SZ,50.81000137,50.81000137,51.20000076,49.81999969,50.33000183,54417611,213.4455988
2024-03-08,AAPL,170.7299957,170.7299957,173.6999969,168.9400024,169,76114600,213.4455988
2024-03-08,ADBE,551.6900024,551.6900024,560.4400024,550.5100098,553,2831100,213.4455988
2024-03-08,ADSK,251.8600006,251.8600006,256.0299988,251.6900024,253.7700043,881500,213.4455988
2024-03-08,AI,31.70000076,31.70000076,34.25999832,31.52000046,32.09999847,10140100,213.4455988
2024-03-08,AMD,207.3899994,207.3899994,227.3000031,205.6000061,213.4100037,120592600,213.4455988
2024-03-08,AMZN,175.3500061,175.3500061,178.7899933,174.3300018,176.4400024,37853500,213.4455988
2024-03-08,ANSS,335.1099854,335.1099854,340.1000061,334.1400146,339.3999939,366200,213.4455988
2024-03-08,ASML,994.3300171,994.3300171,1040.209961,993.2299805,1038.880005,1636700,213.4455988
2024-03-08,BIDU,98.26999664,98.26999664,99.76999664,97.98999786,98.20999908,2322300,213.4455988
2024-03-08,CDNS,308.6000061,308.6000061,319,308.5,318.4599915,1311700,213.4455988
2024-03-08,CRM,304.8817444,305.2799988,308.8699951,302.2000122,302.2000122,4849800,213.4455988
2024-03-08,CRWD,322.8500061,322.8500061,341.7399902,322.4100037,331,6013600,213.4455988
2024-03-08,DOCU,55.97000122,55.97000122,58.95999908,54.79000092,58.90000153,14750000,213.4455988
2024-03-08,FTNT,71.34999847,71.34999847,73.5,71.08999634,73.26000214,5277200,213.4455988
2024-03-08,GE,134.0462952,134.0462952,140.3112488,133.5594635,135.2833252,21242234,213.4455988
2024-03-08,GOOGL,135.4100037,135.4100037,138.0899963,134,134.2100067,39343100,213.4455988
2024-03-08,HON,200.75,200.75,203.9199982,200.4499969,203.1300049,2139000,213.4455988
2024-03-08,IBM,195.9499969,195.9499969,197.7700043,194.3800049,196.0599976,3942500,213.4455988
2024-03-08,INTC,44,44,46.63000107,44,46.43999863,54793800,213.4455988
2024-03-08,KYCCF,484.9339905,486,501,482,490,1400,213.4455988
2024-03-08,META,505.9500122,505.9500122,523.5700073,499.3500061,514.1900024,18575200,213.4455988
2024-03-08,MSFT,406.2200012,406.2200012,410.4200134,404.3299866,407.9599915,17971700,213.4455988
2024-03-08,MU,97.52586365,97.62000275,101.8499985,97.31999969,99.87999725,22353100,213.4455988
2024-03-08,NVDA,875.2800293,875.2800293,974,865.0599976,951.3800049,113299600,213.4455988
2024-03-08,OMRNY,38.15000153,38.15000153,38.93999863,38.15000153,38.81000137,18100,213.4455988
2024-03-08,ORCL,112.4199982,112.4199982,114.3300018,111.5400009,114.0699997,8304100,213.4455988
2024-03-08,PATH,23.65999985,23.65999985,24.62999916,23.5,23.79999924,9567300,213.4455988
2024-03-08,PLTR,26.04000092,26.04000092,27.28000069,25.80999947,27.19000053,83969300,213.4455988
2024-03-08,QCOM,170.5700073,170.5700073,175.4700012,170.5399933,174.8200073,11306700,213.4455988
2024-03-08,ROBO,58.84000015,58.84000015,59.74700165,58.79999924,59.50999832,39600,213.4455988
2024-03-08,SAP,192.9900055,192.9900055,194.8200073,192.3899994,194.25,646800,213.4455988
2024-03-08,SHOP,76.16000366,76.16000366,79.58000183,76.08000183,76.08000183,10437000,213.4455988
2024-03-08,SIEGY,99.34999847,99.34999847,100,98.90000153,99.56999969,71600,213.4455988
2024-03-08,SNOW,162.3999939,162.3999939,169.8399963,161.6300049,169.2899933,9342400,213.4455988
2024-03-08,SNPS,571.289978,571.289978,586.2600098,569.5599976,585.2600098,724100,213.4455988
2024-03-08,SPLK,156.4499969,156.4499969,156.5,156.2749939,156.3300018,1592427,213.4455988
2024-03-08,SQ,80.73999786,80.73999786,81.84999847,77.5,77.94999695,12861900,213.4455988
2024-03-08,TER,106.1200027,106.1200027,110.9199982,106.0800018,110.5599976,1632200,213.4455988
2024-03-08,TSLA,175.3399963,175.3399963,182.7299957,174.6999969,181.5,85315300,213.4455988
2024-03-08,TWLO,61.86000061,61.86000061,63.09000015,61.36500168,61.41999817,3697200,213.4455988
2024-03-08,ZM,67.16000366,67.16000366,68.28600311,67.15000153,67.66000366,2982200,213.4455988
2024-03-08,ZS,198.6900024,198.6900024,204.5500031,197.8800049,201.1399994,2840700,213.4455988
2024-03-11,0020.HK,0.9100000262,0.9100000262,0.9100000262,0.8600000143,0.8700000048,356144941,211.4074753
2024-03-11,002230.SZ,51.49000168,51.49000168,51.68999863,49.59999847,50.00999832,55015958,211.4074753
2024-03-11,AAPL,172.75,172.75,174.3800049,172.0500031,172.9400024,60139500,211.4074753
2024-03-11,ADBE,560.4199829,560.4199829,562.6900024,551.0200195,552.4500122,2857800,211.4074753
2024-03-11,ADSK,258.2600098,258.2600098,259.1099854,251.3800049,252.3099976,1469200,211.4074753
2024-03-11,AI,30.87000084,30.87000084,32.18899918,30.80999947,31.5,4776400,211.4074753
2024-03-11,AMD,198.3899994,198.3899994,203.5500031,196.6999969,203.0099945,73098600,211.4074753
2024-03-11,AMZN,171.9600067,171.9600067,174.4700012,171.4700012,174.3099976,28484800,211.4074753
2024-03-11,ANSS,333.5700073,333.5700073,335.9200134,330.6000061,335.6799927,263500,211.4074753
2024-03-11,ASML,962.6699829,962.6699829,981.0300293,957.5,979.5,1432100,211.4074753
2024-03-11,BIDU,101.2900009,101.2900009,102.5100021,100.0699997,100.3000031,3297700,211.4074753
2024-03-11,CDNS,305.7399902,305.7399902,307.4400024,301.1199951,306.9700012,1119500,211.4074753
2024-03-11,CRM,305.6007996,306,307.6099854,300.25,302.6400146,4895500,211.4074753
2024-03-11,CRWD,317.3699951,317.3699951,323.5,316,319.1499939,3292000,211.4074753
2024-03-11,DOCU,57.97999954,57.97999954,58.52000046,56.02000046,56.20999908,7138900,211.4074753
2024-03-11,FTNT,71.45999908,71.45999908,71.80000305,69.91000366,70.93000031,3139300,211.4074753
2024-03-11,GE,132.9289703,132.9289703,134.4134064,130.0718231,133.3519592,9338609,211.4074753
2024-03-11,GOOGL,137.6699982,137.6699982,139.1000061,136.1300049,136.1300049,32437800,211.4074753
2024-03-11,HON,200.2899933,200.2899933,202.5700073,199.1199951,201.5800018,2443200,211.4074753
2024-03-11,IBM,191.7299957,191.7299957,195.3800049,190.8800049,195.0899963,4725100,211.4074753
2024-03-11,INTC,44.86000061,44.86000061,44.93000031,43.65999985,43.86999893,35051000,211.4074753
2024-03-11,KYCCF,475.9537354,477,481.75,465.8999939,465.8999939,2700,211.4074753
2024-03-11,META,483.5899963,483.5899963,497.3200073,476,497.0100098,20428300,211.4074753
2024-03-11,MSFT,404.519989,404.519989,405.6799927,401.2600098,403.7600098,16120800,211.4074753
2024-03-11,MU,94.41886139,94.51000214,96.45999908,93.52999878,95.90000153,15673300,211.4074753
2024-03-11,NVDA,857.7399902,857.7399902,887.9699707,841.6599731,864.289978,67836400,211.4074753
2024-03-11,OMRNY,37.56999969,37.56999969,37.61999893,37.25,37.34999847,24500,211.4074753
2024-03-11,ORCL,114.1299973,114.1299973,114.75,111.1800003,111.6100006,20438300,211.4074753
2024-03-11,PATH,24.10000038,24.10000038,24.69000053,23.69000053,23.69000053,9919600,211.4074753
2024-03-11,PLTR,25.35000038,25.35000038,26.82999992,25.29000092,25.88999939,60829300,211.4074753
2024-03-11,QCOM,171.1199951,171.1199951,171.9799957,168.1199951,169,7256300,211.4074753
2024-03-11,ROBO,58.27000046,58.27000046,58.54000092,58.09999847,58.38000107,165300,211.4074753
2024-03-11,SAP,189.8300018,189.8300018,190.1000061,188.3699951,188.5200043,1213400,211.4074753
2024-03-11,SHOP,74.97000122,74.97000122,76.29000092,74.44000244,75.59999847,5191200,211.4074753
2024-03-11,SIEGY,98.51999664,98.51999664,98.86000061,97.88999939,98.30999756,91400,211.4074753
2024-03-11,SNOW,162.2899933,162.2899933,162.9799957,160.3999939,161.4199982,6026100,211.4074753
2024-03-11,SNPS,565.3200073,565.3200073,567.7199707,555.4899902,562.9899902,656400,211.4074753
2024-03-11,SPLK,156.5,156.5,156.6399994,156.3800049,156.3800049,1924728,211.4074753
2024-03-11,SQ,81.52999878,81.52999878,83.83000183,80.84200287,81.5,10344800,211.4074753
2024-03-11,TER,106.3499985,106.3499985,106.5999985,104.5599976,105.8099976,1565600,211.4074753
2024-03-11,TSLA,177.7700043,177.7700043,182.8699951,174.8000031,175.4499969,85391500,211.4074753
2024-03-11,TWLO,61.91999817,61.91999817,63.02000046,61.23500061,61.68999863,2816100,211.4074753
2024-03-11,ZM,69.68000031,69.68000031,70.26000214,67.12999725,67.19000244,4434000,211.4074753
2024-03-11,ZS,200.7400055,200.7400055,201.8500061,195.6609955,196.6999969,1825900,211.4074753
2024-03-12,0020.HK,0.9200000167,0.9200000167,0.9300000072,0.8999999762,0.9200000167,380409512,216.1662999
2024-03-12,002230.SZ,50.79000092,50.79000092,51.93000031,50.47999954,51.79999924,50519038,216.1662999
2024-03-12,AAPL,173.2299957,173.2299957,174.0299988,171.0099945,173.1499939,59825400,216.1662999
2024-03-12,ADBE,579.1400146,579.1400146,579.789978,562.5999756,568.5999756,3469200,216.1662999
2024-03-12,ADSK,262.7799988,262.7799988,264.0899963,258.3900146,258.8500061,1437900,216.1662999
2024-03-12,AI,30.68000031,30.68000031,31.38999939,29.72999954,31.38999939,5079100,216.1662999
2024-03-12,AMD,202.7599945,202.7599945,202.8500061,194.2700043,200.5200043,68951700,216.1662999
2024-03-12,AMZN,175.3899994,175.3899994,176.7599945,171.9799957,173.5,36610600,216.1662999
2024-03-12,ANSS,337.730011,337.730011,337.9899902,333.1300049,333.1300049,261000,216.1662999
2024-03-12,ASML,984.289978,984.289978,984.9899902,950.4799805,966.7999878,1165200,216.1662999
2024-03-12,BIDU,105.2699966,105.2699966,105.5500031,102.5999985,103.2399979,4533200,216.1662999
2024-03-12,CDNS,311.2799988,311.2799988,312.9299927,305.6000061,308.980011,1357000,216.1662999
2024-03-12,CRM,306.2200012,306.6199951,309.0400085,303.8699951,306.7099915,4832000,216.1662999
2024-03-12,CRWD,329.269989,329.269989,333.8099976,317.3699951,318.6099854,4156500,216.1662999
2024-03-12,DOCU,58.47999954,58.47999954,59.81000137,57.65000153,58.40999985,4942800,216.1662999
2024-03-12,FTNT,71.33999634,71.33999634,71.94999695,70.73999786,71.68000031,3858500,216.1662999
2024-03-12,GE,133.6472473,133.6472473,133.9185944,130.8300018,133.639267,6928589,216.1662999
2024-03-12,GOOGL,138.5,138.5,139.3800049,137.0299988,137.0299988,27563400,216.1662999
2024-03-12,HON,199.1300049,199.1300049,200.25,197.6699982,199.7299957,2938800,216.1662999
2024-03-12,IBM,197.7799988,197.7799988,199.1799927,192.1499939,192.4600067,5880100,216.1662999
2024-03-12,INTC,45.24000168,45.24000168,45.27000046,44.45999908,45.06000137,31795800,216.1662999
2024-03-12,KYCCF,471.9624939,473,490.5899963,468.8299866,485.6499939,1300,216.1662999
2024-03-12,META,499.75,499.75,502.3099976,484.730011,493.2600098,15448200,216.1662999
2024-03-12,MSFT,415.2799988,415.2799988,415.5700073,406.7900085,407.6199951,22457000,216.1662999
2024-03-12,MU,97.3260498,97.41999817,97.5,93.63999939,95.33000183,14993700,216.1662999
2024-03-12,NVDA,919.1300049,919.1300049,919.5999756,861.5,880.4899902,66807500,216.1662999
2024-03-12,OMRNY,37.54999924,37.54999924,37.70999908,37.20000076,37.20000076,34300,216.1662999
2024-03-12,ORCL,127.5400009,127.5400009,129.3699951,124.5999985,126.2600021,48536100,216.1662999
2024-03-12,PATH,24.63999939,24.63999939,25.04500008,23.68099976,24.43000031,12955500,216.1662999
2024-03-12,PLTR,24.70000076,24.70000076,25.63999939,24.35000038,25.56999969,75202600,216.1662999
2024-03-12,QCOM,173.0800018,173.0800018,173.8999939,170.5800018,172.9100037,7642200,216.1662999
2024-03-12,ROBO,58.81999969,58.81999969,58.86000061,58.13000107,58.56999969,62100,216.1662999
2024-03-12,SAP,193.8300018,193.8300018,193.9299927,190.6699982,191.3000031,668200,216.1662999
2024-03-12,SHOP,76.36000061,76.36000061,76.69000244,74.58100128,75.94999695,5667100,216.1662999
2024-03-12,SIEGY,99.90000153,99.90000153,100,98.18000031,98.98000336,85700,216.1662999
2024-03-12,SNOW,161.9499969,161.9499969,163.7700043,159.6999969,162.9400024,7386900,216.1662999
2024-03-12,SNPS,576.7199707,576.7199707,577.1900024,564.0100098,568.4899902,622700,216.1662999
2024-03-12,SPLK,156.6000061,156.6000061,156.6399994,156.3899994,156.4299927,1996983,216.1662999
2024-03-12,SQ,81.70999908,81.70999908,83.01999664,79.29000092,82.95500183,8477100,216.1662999
2024-03-12,TER,108.1999969,108.1999969,108.4199982,105.25,107.0400009,1505400,216.1662999
2024-03-12,TSLA,177.5399933,177.5399933,179.4299927,172.4100037,177.7700043,87391700,216.1662999
2024-03-12,TWLO,62.20999908,62.20999908,62.84999847,61.75,62.59000015,2460900,216.1662999
2024-03-12,ZM,69.87999725,69.87999725,70.56999969,69.30000305,70,3160600,216.1662999
2024-03-12,ZS,201.2400055,201.2400055,205.3399963,199,203.1999969,2305000,216.1662999
2024-03-13,0020.HK,0.8899999857,0.8899999857,0.9399999976,0.8799999952,0.9200000167,372736064,214.0652747
2024-03-13,002230.SZ,50.84000015,50.84000015,51.50999832,50.59999847,51.20000076,49004331,214.0652747
2024-03-13,AAPL,171.1300049,171.1300049,173.1900024,170.7599945,172.7700043,52488700,214.0652747
2024-03-13,ADBE,573.5499878,573.5499878,585.3499756,573.4099731,579.0599976,3466000,214.0652747
2024-03-13,ADSK,258.7000122,258.7000122,264.0799866,258.5100098,262.9100037,1134300,214.0652747
2024-03-13,AI,30.37000084,30.37000084,30.93000031,30.13999939,30.39999962,3980200,214.0652747
2024-03-13,AMD,194.7899933,194.7899933,198.8300018,192.6999969,198.7299957,70526900,214.0652747
2024-03-13,AMZN,176.5599976,176.5599976,177.6199951,175.5500031,175.8999939,30772600,214.0652747
2024-03-13,ANSS,329.3699951,329.3699951,338.4599915,328.6400146,336.7000122,412400,214.0652747
2024-03-13,ASML,968.7800293,968.7800293,983.1599731,959.0599976,983.1599731,851100,214.0652747
2024-03-13,BIDU,107.8899994,107.8899994,111.0199966,107.8099976,108,4797400,214.0652747
2024-03-13,CDNS,306.2099915,306.2099915,311.6900024,303.5,311.6900024,1291400,214.0652747
2024-03-13,CRM,304.6799927,304.6799927,307.730011,303.1099854,305,5548800,214.0652747
2024-03-13,CRWD,332.1700134,332.1700134,334.8250122,325.5,329.730011,2730900,214.0652747
2024-03-13,DOCU,59.40999985,59.40999985,59.52999878,58.49000168,58.58000183,4085400,214.0652747
2024-03-13,FTNT,70.18000031,70.18000031,71.58999634,70,71.58999634,4078200,214.0652747
2024-03-13,GE,135.8020782,135.8020782,136.5123749,132.0909882,132.0909882,8462887,214.0652747
2024-03-13,GOOGL,139.7899933,139.7899933,141.0899963,138.9900055,139,23347200,214.0652747
2024-03-13,HON,199.7299957,199.7299957,201.1300049,198.8399963,199.9499969,2537600,214.0652747
2024-03-13,IBM,196.6999969,196.6999969,198.1000061,195.3200073,197.5500031,3993300,214.0652747
2024-03-13,INTC,43.22999954,43.22999954,44.97999954,43.20000076,44.50999832,53195900,214.0652747
2024-03-13,KYCCF,468.9690857,470,489.5,465.8999939,489.5,3200,214.0652747
2024-03-13,META,495.5700073,495.5700073,500.980011,491.0299988,495.3900146,12090700,214.0652747
2024-03-13,MSFT,415.1000061,415.1000061,418.1799927,411.4500122,418.1000061,17115900,214.0652747
2024-03-13,MU,94.06919861,94.16000366,95.33999634,93.09999847,95.31999969,16732600,214.0652747
2024-03-13,NVDA,908.8800049,908.8800049,915.039978,884.3499756,910.5499878,63571300,214.0652747
2024-03-13,OMRNY,37.15999985,37.15999985,37.15999985,36.90000153,37.15000153,15400,214.0652747
2024-03-13,ORCL,125.5199966,125.5199966,128.8000031,124.8300018,128,15870300,214.0652747
2024-03-13,PATH,24.43000031,24.43000031,25.32999992,24.36000061,24.55999947,24895500,214.0652747
2024-03-13,PLTR,25,25,25.44000053,24.60000038,24.70000076,59713000,214.0652747
2024-03-13,QCOM,169.25,169.25,171.5,168.6000061,171.2200012,8730500,214.0652747
2024-03-13,ROBO,58.22000122,58.22000122,58.58499908,58.1609993,58.56000137,67000,214.0652747
2024-03-13,SAP,192.5099945,192.5099945,193.0299988,191.3500061,192.8800049,676500,214.0652747
2024-03-13,SHOP,78.68000031,78.68000031,79.40000153,76.09999847,76.19000244,10975300,214.0652747
2024-03-13,SIEGY,100.6399994,100.6399994,101.6900024,100.2300034,100.3499985,142000,214.0652747
2024-03-13,SNOW,162.3099976,162.3099976,166.8399963,160.6999969,161.2700043,5866700,214.0652747
2024-03-13,SNPS,561.2000122,561.2000122,570.3699951,556.6699829,569.5800171,894200,214.0652747
2024-03-13,SPLK,156.6499939,156.6499939,156.6999969,156.5399933,156.6000061,1808054,214.0652747
2024-03-13,SQ,85.72000122,85.72000122,87.51999664,81.19999695,81.33999634,15124900,214.0652747
2024-03-13,TER,105.4499969,105.4499969,108.3199997,104.8099976,106.6900024,1808400,214.0652747
2024-03-13,TSLA,169.4799957,169.4799957,176.0500031,169.1499939,173.0500031,106524500,214.0652747
2024-03-13,TWLO,62.29999924,62.29999924,63.25999832,61.75,61.81999969,2392900,214.0652747
2024-03-13,ZM,68.44000244,68.44000244,69.94999695,68.33999634,69.73999786,2402900,214.0652747
2024-03-13,ZS,201.4299927,201.4299927,204.4299927,199.1100006,200.1699982,1753200,214.0652747
2024-03-14,0020.HK,0.8500000238,0.8500000238,0.8999999762,0.8399999738,0.8899999857,278820442,211.6593324
2024-03-14,002230.SZ,50.15999985,50.15999985,50.95000076,49.50999832,50.43999863,44851700,211.6593324
2024-03-14,AAPL,173,173,174.3099976,172.0500031,172.9100037,72913500,211.6593324
2024-03-14,ADBE,570.4500122,570.4500122,579.539978,568.7600098,578,5908100,211.6593324
2024-03-14,ADSK,258.5299988,258.5299988,259.4700012,254.3800049,258.5599976,1227700,211.6593324
2024-03-14,AI,29.10000038,29.10000038,30.29999924,28.65999985,30,5786000,211.6593324
2024-03-14,AMD,187.0599976,187.0599976,196.9299927,184.0299988,192.9199982,84490500,211.6593324
2024-03-14,AMZN,178.75,178.75,179.5299988,176.4700012,177.6900024,43705800,211.6593324
2024-03-14,ANSS,330.2900085,330.2900085,332.3500061,327.2600098,332.2200012,490600,211.6593324
2024-03-14,ASML,959.7800293,959.7800293,971.4699707,950.5599976,968.5900269,876600,211.6593324
2024-03-14,BIDU,104.6399994,104.6399994,106.2699966,103.8199997,106.1200027,2693000,211.6593324
2024-03-14,CDNS,306.2399902,306.2399902,310.3900146,304.3399963,310,1038600,211.6593324
2024-03-14,CRM,303.3200073,303.3200073,309.4899902,302,305,4828800,211.6593324
2024-03-14,CRWD,328.5899963,328.5899963,337.7799988,325.4750061,333,2776800,211.6593324
2024-03-14,DOCU,57.45999908,57.45999908,59.79999924,56.99499893,59.29999924,3152500,211.6593324
2024-03-14,FTNT,68.04000092,68.04000092,69.75,67.62000275,69.29000092,6500100,211.6593324
2024-03-14,GE,133.0806122,133.0806122,136.2729492,132.1867523,135.8739014,9460777,211.6593324
2024-03-14,GOOGL,143.1000061,143.1000061,143.5899963,140.4600067,141.1900024,42753400,211.6593324
2024-03-14,HON,196.3500061,196.3500061,199.7299957,194.9600067,199.25,3838000,211.6593324
2024-03-14,IBM,193.4299927,193.4299927,197.75,192.1199951,196.9499969,4109600,211.6593324
2024-03-14,INTC,42.75,42.75,43.34999847,42.50999832,43.22999954,38100000,211.6593324
2024-03-14,KYCCF,455.9975891,457,473,455.5,472.3800049,1300,211.6593324
2024-03-14,META,491.8299866,491.8299866,501.3500061,488.1600037,500.2600098,12620000,211.6593324
2024-03-14,MSFT,425.2200012,425.2200012,427.8200073,417.9899902,420.2399902,34157300,211.6593324
2024-03-14,MU,91.34182739,91.43000031,93.44999695,90.30000305,93.30000305,16718900,211.6593324
2024-03-14,NVDA,879.4400024,879.4400024,906.460022,866,895.7700195,60231800,211.6593324
2024-03-14,OMRNY,36.59000015,36.59000015,38.18000031,36.5,38.18000031,17600,211.6593324
2024-03-14,ORCL,125.5299988,125.5299988,127.8000031,124.9400024,127.2300034,10965900,211.6593324
2024-03-14,PATH,22.75,22.75,25.46500015,22.29999924,24.80999947,35861500,211.6593324
2024-03-14,PLTR,24.43000031,24.43000031,24.96999931,24.13999939,24.82999992,49214800,211.6593324
2024-03-14,QCOM,168.4499969,168.4499969,169.9499969,166.7100067,169.6000061,8151000,211.6593324
2024-03-14,ROBO,57.41999817,57.41999817,58.34999847,57.15999985,58.34999847,67500,211.6593324
2024-03-14,SAP,190.4499969,190.4499969,192.5200043,189.5,191.9600067,659000,211.6593324
2024-03-14,SHOP,78.41999817,78.41999817,79.80000305,77.36000061,78.52999878,7244200,211.6593324
2024-03-14,SIEGY,99.76999664,99.76999664,101.2399979,99.38999939,101.2399979,95500,211.6593324
2024-03-14,SNOW,158.9199982,158.9199982,162.5,157.8000031,162.0200043,5999100,211.6593324
2024-03-14,SNPS,559.3099976,559.3099976,567.1699829,554.5100098,563.1799927,732600,211.6593324
2024-03-14,SPLK,156.5099945,156.5099945,156.8699951,156.1425934,156.8600006,4423778,211.6593324
2024-03-14,SQ,81.23999786,81.23999786,86.16699982,80.16000366,85.73999786,11603600,211.6593324
2024-03-14,TER,103.8499985,103.8499985,106.2300034,102.7399979,105.8300018,1646700,211.6593324
2024-03-14,TSLA,162.5,162.5,171.1699982,160.5099945,167.7700043,126325700,211.6593324
2024-03-14,TWLO,60.88999939,60.88999939,62.77000046,60.54499817,62.02999878,2741400,211.6593324
2024-03-14,ZM,67.26000214,67.26000214,68.87999725,66.87000275,68.55999756,1902800,211.6593324
2024-03-14,ZS,198.8300018,198.8300018,202.1300049,197.1600037,201.4299927,1220700,211.6593324
2024-03-15,0020.HK,0.8399999738,0.8399999738,0.8500000238,0.8199999928,0.8399999738,270238349,207.6572402
2024-03-15,002230.SZ,50.68000031,50.68000031,50.77999878,49.31999969,50,46488105,207.6572402
2024-03-15,AAPL,172.6199951,172.6199951,172.6199951,170.2899933,171.1699982,121664700,207.6572402
2024-03-15,ADBE,492.4599915,492.4599915,503.1300049,485,499.6400146,19570500,207.6572402
2024-03-15,ADSK,254.2400055,254.2400055,258.0400085,253.1300049,256.6600037,3010900,207.6572402
2024-03-15,AI,28.92000008,28.92000008,29.37000084,28.20999908,28.55999947,5222600,207.6572402
2024-03-15,AMD,191.0599976,191.0599976,193.8000031,184.4799957,184.8300018,95225700,207.6572402
2024-03-15,AMZN,174.4199982,174.4199982,177.9299927,173.8999939,176.6399994,72115500,207.6572402
2024-03-15,ANSS,327.8800049,327.8800049,330.1099854,326.2099915,328.8500061,752100,207.6572402
2024-03-15,ASML,940.210022,940.210022,954.7800293,931.789978,954.7800293,1725900,207.6572402
2024-03-15,BIDU,103.8600006,103.8600006,104.9499969,103.6200027,103.9400024,1965900,207.6572402
2024-03-15,CDNS,298.4400024,298.4400024,305.4100037,298.1099854,304.25,2605500,207.6572402
2024-03-15,CRM,294.3299866,294.3299866,300.0499878,293.769989,298.9599915,11884500,207.6572402
2024-03-15,CRWD,315.6499939,315.6499939,327.3900146,315.6000061,325.5799866,4478500,207.6572402
2024-03-15,DOCU,56.77000046,56.77000046,58.27000046,56.68000031,57.02999878,4836500,207.6572402
2024-03-15,FTNT,66.72000122,66.72000122,67.97000122,66.51000214,67.72000122,10117400,207.6572402
2024-03-15,GE,134.7885132,134.7885132,136.0734253,131.5961761,132.202713,13263757,207.6572402
2024-03-15,GOOGL,141.1799927,141.1799927,143.1799927,140.0299988,142.5,49460600,207.6572402
2024-03-15,HON,197.6900024,197.6900024,198.5500031,195.8999939,196.3899994,6310100,207.6572402
2024-03-15,IBM,191.0700073,191.0700073,193.0599976,190.6999969,191.9900055,8827900,207.6572402
2024-03-15,INTC,42.63999939,42.63999939,43.15000153,42.34999847,42.45000076,66930200,207.6572402
2024-03-15,KYCCF,457.6340027,458.6400146,480.1199951,453.5599976,480.1199951,1300,207.6572402
2024-03-15,META,484.1000061,484.1000061,491.8299866,481.2999878,489.0100098,29141700,207.6572402
2024-03-15,MSFT,416.4200134,416.4200134,422.6000061,412.7900085,419.2900085,45049800,207.6572402
2024-03-15,MU,93.16007233,93.25,94.69999695,92.01999664,92.48000336,29539200,207.6572402
2024-03-15,NVDA,878.3699951,878.3699951,895.460022,862.5700073,869.2999878,64019300,207.6572402
2024-03-15,OMRNY,36.68999863,36.68999863,38.06999969,36.54000092,38.06999969,81500,207.6572402
2024-03-15,ORCL,125.5400009,125.5400009,126.0100021,123.5599976,124.0400009,17841600,207.6572402
2024-03-15,PATH,22.75,22.75,23.18000031,22.60499954,22.79999924,14148200,207.6572402
2024-03-15,PLTR,23.48999977,23.48999977,24.10000038,23.42000008,23.85000038,61270500,207.6572402
2024-03-15,QCOM,167.1999969,167.1999969,168.7700043,165.8500061,167.1000061,16413000,207.6572402
2024-03-15,ROBO,57.40000153,57.40000153,57.59199905,57.16999817,57.27000046,55400,207.6572402
2024-03-15,SAP,188.3099976,188.3099976,188.8500061,187.1999969,188.7200012,756500,207.6572402
2024-03-15,SHOP,77.15000153,77.15000153,79.06999969,76.76000214,78.23000336,5818900,207.6572402
2024-03-15,SIEGY,100.7900009,100.7900009,101.4899979,100.5199966,100.9700012,120200,207.6572402
2024-03-15,SNOW,156.9700012,156.9700012,160.2400055,156.6199951,158.7799988,8265600,207.6572402
2024-03-15,SNPS,550.0300293,550.0300293,562,546.9099731,557.3699951,1347300,207.6572402
2024-03-15,SPLK,156.8999939,156.8999939,156.9700012,156.8999939,156.9499969,18211874,207.6572402
2024-03-15,SQ,80.16999817,80.16999817,82.08999634,79.94000244,80.55999756,8455600,207.6572402
2024-03-15,TER,103.0599976,103.0599976,104.3399963,102.5299988,102.6100006,3409700,207.6572402
2024-03-15,TSLA,163.5700073,163.5700073,165.1799927,160.7599945,163.1600037,96971900,207.6572402
2024-03-15,TWLO,59.65999985,59.65999985,61.02999878,59.61999893,60.45999908,4009600,207.6572402
2024-03-15,ZM,65.95999908,65.95999908,67.61000061,65.88999939,66.73999786,5674700,207.6572402
2024-03-15,ZS,194.0299988,194.0299988,199.7299957,193.4700012,198.7899933,2664700,207.6572402
2024-03-18,0020.HK,0.8399999738,0.8399999738,0.8500000238,0.8299999833,0.8500000238,172432000,210.2100576
2024-03-18,002230.SZ,51.40000153,51.40000153,51.59999847,50.36999893,50.88000107,54437525,210.2100576
2024-03-18,AAPL,173.7200012,173.7200012,177.7100067,173.5200043,175.5700073,75604200,210.2100576
2024-03-18,ADBE,513.8599854,513.8599854,515.7299805,495.5499878,495.5499878,7052700,210.2100576
2024-03-18,ADSK,255.1799927,255.1799927,259.480011,254.8999939,256.1799927,906300,210.2100576
2024-03-18,AI,29.04999924,29.04999924,29.31999969,28.40600014,28.85000038,4203600,210.2100576
2024-03-18,AMD,190.6499939,190.6499939,193.5,188.0500031,193.2899933,59306900,210.2100576
2024-03-18,AMZN,174.4799957,174.4799957,176.6900024,174.2799988,175.8000031,31250700,210.2100576
2024-03-18,ANSS,335.269989,335.269989,337.1400146,328.6000061,330.6600037,613100,210.2100576
2024-03-18,ASML,941.3400269,941.3400269,958.210022,939.75,949.3599854,821400,210.2100576
2024-03-18,BIDU,104.7699966,104.7699966,105.3300018,103.9100037,104.1500015,1673000,210.2100576
2024-03-18,CDNS,300.9299927,300.9299927,303.980011,300.2600098,300.8500061,1244100,210.2100576
2024-03-18,CRM,300.5100098,300.5100098,300.9700012,296.019989,299.6199951,5240500,210.2100576
2024-03-18,CRWD,321.0599976,321.0599976,322.3699951,315.8999939,319.0299988,2736600,210.2100576
2024-03-18,DOCU,58.11999893,58.11999893,58.86000061,56.5,56.63000107,2902800,210.2100576
2024-03-18,FTNT,67.55000305,67.55000305,68.18000031,66.80999756,66.98999786,3909000,210.2100576
2024-03-18,GE,135.6025543,135.6025543,136.2729492,134.5411072,134.8443756,6228788,210.2100576
2024-03-18,GOOGL,147.6799927,147.6799927,152.1499939,147.1699982,148.6100006,69273700,210.2100576
2024-03-18,HON,196.7599945,196.7599945,199.0099945,196.3800049,199.0099945,2481700,210.2100576
2024-03-18,IBM,191.6900024,191.6900024,193.2299957,190.3200073,191.6999969,5410600,210.2100576
2024-03-18,INTC,42.70999908,42.70999908,43.38000107,42.59999847,43.09000015,27668300,210.2100576
2024-03-18,KYCCF,468.6499939,468.6499939,482.3599854,465.5,482.3599854,1500,210.2100576
2024-03-18,META,496.980011,496.980011,497.4200134,486.8099976,491.9100037,11755300,210.2100576
2024-03-18,MSFT,417.3200073,417.3200073,420.730011,413.7799988,414.25,20106000,210.2100576
2024-03-18,MU,93.68955994,93.77999878,97.08000183,93.69000244,96.81999969,23140300,210.2100576
2024-03-18,NVDA,884.5499878,884.5499878,924.0499878,870.8499756,903.8800049,66897600,210.2100576
2024-03-18,OMRNY,37.20999908,37.20999908,37.29999924,37.13999939,37.15999985,17300,210.2100576
2024-03-18,ORCL,127.8000031,127.8000031,128.9499969,126.8799973,127.1999969,12231400,210.2100576
2024-03-18,PATH,23.05999947,23.05999947,23.27000046,22.29000092,22.85000038,9937000,210.2100576
2024-03-18,PLTR,24,24,24.18000031,23.31999969,23.77000046,44083000,210.2100576
2024-03-18,QCOM,166.9199982,166.9199982,171.4600067,166.3500061,170.9100037,6653700,210.2100576
2024-03-18,ROBO,57.50999832,57.50999832,58.15999985,57.49000168,58.15999985,117500,210.2100576
2024-03-18,SAP,186.7700043,186.7700043,189.0399933,186.5700073,188.6000061,684500,210.2100576
2024-03-18,SHOP,77.51999664,77.51999664,78,76.26000214,78,5440700,210.2100576
2024-03-18,SIEGY,99.76000214,99.76000214,101.9700012,99.47000122,101.9700012,89000,210.2100576
2024-03-18,SNOW,156.3099976,156.3099976,158.2599945,155.5500031,157.5200043,7127200,210.2100576
2024-03-18,SNPS,560.6300049,560.6300049,565.9500122,555.1199951,558.5900269,1085400,210.2100576
2024-03-18,SPLK,156.8999939,156.8999939,156.8999939,156.8999939,156.8999939,0,210.2100576
2024-03-18,SQ,80.86000061,80.86000061,81.52999878,79.30999756,80.30999756,6175200,210.2100576
2024-03-18,TER,102.8600006,102.8600006,105.2399979,102.6900024,104.25,1767200,210.2100576
2024-03-18,TSLA,173.8000031,173.8000031,174.7200012,165.8999939,170.0200043,108214400,210.2100576
2024-03-18,TWLO,60.70999908,60.70999908,61.18000031,59.59000015,59.74000168,2784100,210.2100576
2024-03-18,ZM,66.23000336,66.23000336,67.22000122,66,66.30999756,2132700,210.2100576
2024-03-18,ZS,195.9400024,195.9400024,197.3529968,191.25,194,2591000,210.2100576
2024-03-19,0020.HK,0.8199999928,0.8199999928,0.8500000238,0.8199999928,0.8399999738,165738466,213.1771101
2024-03-19,002230.SZ,50.5,50.5,51.22000122,50.5,51.20000076,37540191,213.1771101
2024-03-19,AAPL,176.0800018,176.0800018,176.6100006,173.0299988,174.3399963,55215200,213.1771101
2024-03-19,ADBE,521.1900024,521.1900024,522.6799927,508.9899902,509.8900146,7081800,213.1771101
2024-03-19,ADSK,256.1900024,256.1900024,257.2399902,251.3699951,253.0500031,857600,213.1771101
2024-03-19,AI,28.29000092,28.29000092,28.79999924,27.76000023,28.25,3955200,213.1771101
2024-03-19,AMD,181.4199982,181.4199982,185.6100006,177.3600006,183.1600037,83509500,213.1771101
2024-03-19,AMZN,175.8999939,175.8999939,176.0899963,173.5200043,174.2200012,26880900,213.1771101
2024-03-19,ANSS,342.3699951,342.3699951,343.6600037,334.7000122,335.269989,579500,213.1771101
2024-03-19,ASML,951.9099731,951.9099731,956.5900269,928,938.539978,817600,213.1771101
2024-03-19,BIDU,104.1699982,104.1699982,104.2699966,102.7099991,104,1541800,213.1771101
2024-03-19,CDNS,311.8500061,311.8500061,312.7900085,303.4400024,303.75,1997300,213.1771101
2024-03-19,CRM,301.4500122,301.4500122,301.769989,296.6199951,298.1799927,3329900,213.1771101
2024-03-19,CRWD,320.8599854,320.8599854,321.480011,310.2200012,318.1499939,2933600,213.1771101
2024-03-19,DOCU,58.95000076,58.95000076,58.97999954,56.43000031,57.40000153,2824100,213.1771101
2024-03-19,FTNT,67.79000092,67.79000092,67.87999725,66.44999695,67.12999725,3059400,213.1771101
2024-03-19,GE,138.4357605,138.4357605,138.8108521,134.876297,135.5227509,9360787,213.1771101
2024-03-19,GOOGL,147.0299988,147.0299988,148.7899933,146.0800018,148.1600037,24070400,213.1771101
2024-03-19,HON,199.0399933,199.0399933,199.2400055,196.1199951,196.7599945,4524800,213.1771101
2024-03-19,IBM,193.3399963,193.3399963,193.5800018,190.2799988,191.4900055,5317300,213.1771101
2024-03-19,INTC,42.04999924,42.04999924,42.29000092,41.43999863,42.25,34673000,213.1771101
2024-03-19,KYCCF,475.8999939,475.8999939,481.3999939,462.8699951,481.3999939,1800,213.1771101
2024-03-19,META,496.2399902,496.2399902,496.6300049,481.2799988,488.1700134,10903100,213.1771101
2024-03-19,MSFT,421.4100037,421.4100037,421.6700134,415.5499878,417.8299866,19837900,213.1771101
2024-03-19,MU,93.90935516,94,94.16000366,91,92.58000183,21054700,213.1771101
2024-03-19,NVDA,893.9799805,893.9799805,905.4400024,850.0999756,867,67217100,213.1771101
2024-03-19,OMRNY,37.34999847,37.34999847,37.40999985,36.90000153,37.09999847,67800,213.1771101
2024-03-19,ORCL,129.1900024,129.1900024,129.2100067,126.4899979,127.75,10221000,213.1771101
2024-03-19,PATH,23.12999916,23.12999916,23.17000008,22.35499954,22.54000092,8234600,213.1771101
2024-03-19,PLTR,23.79999924,23.79999924,23.82999992,22.92000008,23.5,43247200,213.1771101
2024-03-19,QCOM,164.1000061,164.1000061,166.4600067,163.6300049,166.0899963,7404400,213.1771101
2024-03-19,ROBO,57.56999969,57.56999969,57.65999985,57.02000046,57.13999939,31200,213.1771101
2024-03-19,SAP,188.7100067,188.7100067,188.75,187.1000061,187.6799927,442600,213.1771101
2024-03-19,SHOP,77.52999878,77.52999878,78.52999878,75.30000305,76.73000336,5736500,213.1771101
2024-03-19,SIEGY,94.18000031,94.18000031,94.37999725,92.83000183,93.98000336,230000,213.1771101
2024-03-19,SNOW,157.6999969,157.6999969,157.8399963,151.4900055,152.1100006,6644900,213.1771101
2024-03-19,SNPS,584.710022,584.710022,585.7399902,562,572.1799927,1557500,213.1771101
2024-03-19,SQ,79.31999969,79.31999969,80.45999908,78,79.73999786,6112500,213.1771101
2024-03-19,TER,103.4800034,103.4800034,103.7900009,101.5,101.8199997,2253300,213.1771101
2024-03-19,TSLA,171.3200073,171.3200073,172.8200073,167.4199982,172.3600006,77271400,213.1771101
2024-03-19,TWLO,61.59000015,61.59000015,61.88999939,59.75,59.86000061,2852100,213.1771101
2024-03-19,ZM,66.52999878,66.52999878,67,65.34999847,65.5,2341900,213.1771101
2024-03-19,ZS,195.2400055,195.2400055,196,190.3500061,193.4400024,2085200,213.1771101
2024-03-20,0020.HK,0.8199999928,0.8199999928,0.8399999738,0.8199999928,0.8199999928,132436250,215.769089
2024-03-20,002230.SZ,51.93000031,51.93000031,52.75999832,50.40000153,50.40999985,83376829,215.769089
2024-03-20,AAPL,178.6699982,178.6699982,178.6699982,175.0899963,175.7200012,53423100,215.769089
2024-03-20,ADBE,519.1400146,519.1400146,523.8699951,512.5,523.289978,4239600,215.769089
2024-03-20,ADSK,262.4299927,262.4299927,262.8299866,256.730011,257.3500061,1259900,215.769089
2024-03-20,AI,28.64999962,28.64999962,28.87999916,27.81500053,28.29999924,4065000,215.769089
2024-03-20,AMD,179.7299957,179.7299957,182.6799927,174,182.0299988,81773100,215.769089
2024-03-20,AMZN,178.1499939,178.1499939,178.5299988,174.6399994,176.1399994,29947200,215.769089
2024-03-20,ANSS,343.3200073,343.3200073,344.3900146,339.1600037,342.9599915,560800,215.769089
2024-03-20,ASML,970.9199829,970.9199829,974.2999878,946.8900146,956.0700073,838600,215.769089
2024-03-20,BIDU,103.8899994,103.8899994,105.3099976,102.7699966,104.7200012,2428200,215.769089
2024-03-20,CDNS,316.8599854,316.8599854,317.1000061,311.7200012,314.1700134,1297700,215.769089
2024-03-20,CRM,306.0799866,306.0799866,307.019989,300.6900024,301.9700012,4946600,215.769089
2024-03-20,CRWD,326.8699951,326.8699951,328.4700012,318.0629883,321,2528800,215.769089
2024-03-20,DOCU,58.54000092,58.54000092,59.20000076,57.79000092,59,2039000,215.769089
2024-03-20,FTNT,67.87000275,67.87000275,68.05999756,67.01999664,67.79000092,4230300,215.769089
2024-03-20,GE,138.8108521,138.8108521,139.4892273,137.2785339,137.7573853,7229434,215.769089
2024-03-20,GOOGL,148.7400055,148.7400055,148.8600006,146.7400055,148,21311500,215.769089
2024-03-20,HON,201.1799927,201.1799927,201.7100067,198.3300018,198.5899963,2714400,215.769089
2024-03-20,IBM,193.9600067,193.9600067,193.9799957,191.3099976,192.8699951,3238600,215.769089
2024-03-20,INTC,42.20000076,42.20000076,43.00999832,41.40999985,42.99000168,74865000,215.769089
2024-03-20,KYCCF,476,476,485.9100037,467.75,485.9100037,1800,215.769089
2024-03-20,META,505.519989,505.519989,508.2000122,495.1700134,499.5,11711100,215.769089
2024-03-20,MSFT,425.230011,425.230011,425.9599915,420.6600037,422,17860100,215.769089
2024-03-20,MU,96.15718079,96.25,96.68000031,93.58999634,94.98999786,39807400,215.769089
2024-03-20,NVDA,903.7199707,903.7199707,904.0999756,882.2299805,897.9699707,47906300,215.769089
2024-03-20,OMRNY,37.72000122,37.72000122,38.68000031,37.18000031,38.68000031,20800,215.769089
2024-03-20,ORCL,129.2400055,129.2400055,130.6900024,128.2700043,129.9799957,8373300,215.769089
2024-03-20,PATH,23.31999969,23.31999969,23.48999977,22.71299934,23.17000008,7059200,215.769089
2024-03-20,PLTR,24.56999969,24.56999969,24.64999962,23.67000008,23.77000046,40273800,215.769089
2024-03-20,QCOM,167.6699982,167.6699982,168.1699982,163.8300018,164.1000061,5995800,215.769089
2024-03-20,ROBO,58.22999954,58.22999954,58.34000015,57.34000015,57.77000046,141400,215.769089
2024-03-20,SAP,190.3800049,190.3800049,190.5399933,188.0500031,188.7700043,412400,215.769089
2024-03-20,SHOP,81.33000183,81.33000183,81.62000275,77.28500366,77.52999878,6793700,215.769089
2024-03-20,SIEGY,97.01000214,97.01000214,97.01000214,94.58000183,95.76999664,140300,215.769089
2024-03-20,SNOW,163.0399933,163.0399933,164.3099976,158.0500031,158.0500031,7596600,215.769089
2024-03-20,SNPS,589.7800293,589.7800293,598,581.0599976,592.4899902,1135000,215.769089
2024-03-20,SQ,81.45999908,81.45999908,81.81999969,78.20999908,78.70999908,6652600,215.769089
2024-03-20,TER,107.1100006,107.1100006,107.8000031,104.1500015,104.1500015,2435200,215.769089
2024-03-20,TSLA,175.6600037,175.6600037,176.25,170.8200073,173,83846700,215.769089
2024-03-20,TWLO,61.90999985,61.90999985,62.25500107,61.09999847,61.34999847,2188100,215.769089
2024-03-20,ZM,66.86000061,66.86000061,67.26000214,65.97000122,66.66000366,1594900,215.769089
2024-03-20,ZS,197.3000031,197.3000031,197.8849945,193.8500061,196.2599945,1696800,215.769089
2024-03-21,0020.HK,0.8399999738,0.8399999738,0.8700000048,0.8299999833,0.8399999738,296242900,217.3826425
2024-03-21,002230.SZ,52.22999954,52.22999954,54.15000153,51.68999863,52,85275698,217.3826425
2024-03-21,AAPL,171.3699951,171.3699951,177.4900055,170.8399963,177.0500031,106181300,217.3826425
2024-03-21,ADBE,511.25,511.25,519.7299805,506.2000122,517.5999756,5206600,217.3826425
2024-03-21,ADSK,265.75,265.75,268.8999939,263.8999939,265,1693300,217.3826425
2024-03-21,AI,28.37999916,28.37999916,29.45999908,28.34000015,29.21999931,4394900,217.3826425
2024-03-21,AMD,178.6799927,178.6799927,187.6900024,177.6600037,185.9700012,75265600,217.3826425
2024-03-21,AMZN,178.1499939,178.1499939,181.4199982,178.1499939,179.9900055,32824300,217.3826425
2024-03-21,ANSS,348.2000122,348.2000122,351.6900024,345.5599976,345.980011,366300,217.3826425
2024-03-21,ASML,990.789978,990.789978,1005.659973,988.0800171,1005.01001,1112400,217.3826425
2024-03-21,BIDU,101.6999969,101.6999969,103.6999969,101.6500015,103.5800018,2564200,217.3826425
2024-03-21,CDNS,322.7999878,322.7999878,327.3599854,320.6499939,320.8699951,1907500,217.3826425
2024-03-21,CRM,308.3900146,308.3900146,311.7999878,306.3500061,307.9400024,6083900,217.3826425
2024-03-21,CRWD,329.4599915,329.4599915,333.230011,322.0499878,325.8900146,3253400,217.3826425
2024-03-21,DOCU,58.70000076,58.70000076,59.29999924,58.18000031,58.97999954,1944000,217.3826425
2024-03-21,FTNT,68.56999969,68.56999969,68.72000122,67.75,68.58000183,3716300,217.3826425
2024-03-21,GE,140.9736633,140.9736633,141.3008728,138.1404572,139.3615265,7890893,217.3826425
2024-03-21,GOOGL,147.6000061,147.6000061,150.3699951,146.8999939,149.4700012,24755600,217.3826425
2024-03-21,HON,201.3800049,201.3800049,203.0899963,201.2899933,202,2811800,217.3826425
2024-03-21,IBM,191.8999939,191.8999939,193.3699951,190.0099945,193,6013600,217.3826425
2024-03-21,INTC,42.41999817,42.41999817,43.59999847,42.31999969,42.99000168,50807600,217.3826425
2024-03-21,KYCCF,478.1600037,478.1600037,493.980011,464,478.9899902,1600,217.3826425
2024-03-21,META,507.7600098,507.7600098,515.039978,506.0100098,514.710022,9712500,217.3826425
2024-03-21,MSFT,429.3699951,429.3699951,430.8200073,427.1600037,429.8299866,21296200,217.3826425
2024-03-21,MU,109.7440643,109.8499985,113.5,108.7799988,113.3700027,89554100,217.3826425
2024-03-21,NVDA,914.3499756,914.3499756,926.4799805,904.0499878,923,48037200,217.3826425
2024-03-21,OMRNY,37.70000076,37.70000076,37.70000076,37.31000137,37.31000137,11300,217.3826425
2024-03-21,ORCL,129.0099945,129.0099945,132.7700043,128.9499969,130.5200043,17842400,217.3826425
2024-03-21,PATH,23.46999931,23.46999931,23.96999931,23.31999969,23.80999947,7276000,217.3826425
2024-03-21,PLTR,24.48999977,24.48999977,25.32999992,24.44000053,25.29999924,37099600,217.3826425
2024-03-21,QCOM,170.8500061,170.8500061,172.9199982,169.6300049,170.7400055,8497500,217.3826425
2024-03-21,ROBO,58.61999893,58.61999893,58.98099899,58.5,58.5,79000,217.3826425
2024-03-21,SAP,194.8099976,194.8099976,196.6100006,192.0700073,192.3999939,617700,217.3826425
2024-03-21,SHOP,79.58999634,79.58999634,83.38999939,79.55999756,81.66000366,11345900,217.3826425
2024-03-21,SIEGY,95.01999664,95.01999664,95.13999939,94.29000092,94.66000366,103700,217.3826425
2024-03-21,SNOW,158.3899994,158.3899994,168.6799927,157.2100067,166,11393400,217.3826425
2024-03-21,SNPS,602.0100098,602.0100098,616.539978,593,600,1814000,217.3826425
2024-03-21,SQ,84.05000305,84.05000305,85,82.33999634,82.41000366,10383700,217.3826425
2024-03-21,TER,111.4499969,111.4499969,113,108.8499985,109.3600006,2562700,217.3826425
2024-03-21,TSLA,172.8200073,172.8200073,178.1799927,171.8000031,176.3899994,73178000,217.3826425
2024-03-21,TWLO,61.54000092,61.54000092,62.68000031,61.51499939,62.13999939,2781500,217.3826425
2024-03-21,ZM,66.54000092,66.54000092,67.26999664,66.41999817,67.26999664,1702400,217.3826425
2024-03-21,ZS,198.0700073,198.0700073,202.6100006,196.4299927,199.5500031,1701900,217.3826425
2024-03-22,0020.HK,0.8000000119,0.8000000119,0.8500000238,0.8000000119,0.8399999738,338619000,216.7614992
2024-03-22,002230.SZ,51.08000183,51.08000183,52.09999847,50.68999863,51.79999924,53521259,216.7614992
2024-03-22,AAPL,172.2799988,172.2799988,173.0500031,170.0599976,171.7599945,71106600,216.7614992
2024-03-22,ADBE,499.519989,499.519989,511.5899963,496.6700134,509.0700073,5410300,216.7614992
2024-03-22,ADSK,262.8599854,262.8599854,267.0400085,262.730011,265.1099854,893000,216.7614992
2024-03-22,AI,27.81999969,27.81999969,28.38999939,27.43000031,28.21999931,3709900,216.7614992
2024-03-22,AMD,179.6499939,179.6499939,180.7599945,175.0500031,177.2100067,57832100,216.7614992
2024-03-22,AMZN,178.8699951,178.8699951,179.2599945,176.75,177.75,27964100,216.7614992
2024-03-22,ANSS,349.2399902,349.2399902,352.5799866,346.0299988,349.8299866,558200,216.7614992
2024-03-22,ASML,979.960022,979.960022,991.0800171,972.5700073,973.710022,692500,216.7614992
2024-03-22,BIDU,102.1800003,102.1800003,105.6999969,101.3300018,105.6800003,6088900,216.7614992
2024-03-22,CDNS,322.7399902,322.7399902,324.230011,318.5700073,322.75,1751900,216.7614992
2024-03-22,CRM,307.769989,307.769989,310.230011,306.6499939,309.3200073,3779000,216.7614992
2024-03-22,CRWD,327.5799866,327.5799866,328.3900146,319.5499878,327.730011,2599700,216.7614992
2024-03-22,DOCU,58.27000046,58.27000046,58.95000076,58.00999832,58.11000061,1628000,216.7614992
2024-03-22,FTNT,68.30000305,68.30000305,68.93000031,67.52999878,68.91999817,2832000,216.7614992
2024-03-22,GE,139.7845154,139.7845154,141.6600189,139.728653,140.7023163,6842132,216.7614992
2024-03-22,GOOGL,150.7700043,150.7700043,151.5800018,148.9799957,149.1199951,29175700,216.7614992
2024-03-22,HON,200.7299957,200.7299957,201.9700012,200.0899963,201.5200043,2061300,216.7614992
2024-03-22,IBM,190.8399963,190.8399963,192.9900055,190.5099945,192,3987700,216.7614992
2024-03-22,INTC,42.56999969,42.56999969,42.79999924,42.09000015,42.25,28435300,216.7614992
2024-03-22,KYCCF,468.2799988,468.2799988,498.3599854,450.8999939,450.8999939,1800,216.7614992
2024-03-22,META,509.5799866,509.5799866,509.9700012,504.3399963,507,8117000,216.7614992
2024-03-22,MSFT,428.7399902,428.7399902,429.8599854,426.0700073,429.7000122,17636500,216.7614992
2024-03-22,MU,110.1037216,110.2099991,111.3399963,107.0500031,109.3099976,37249900,216.7614992
2024-03-22,NVDA,942.8900146,942.8900146,947.7800293,908.3400269,911.4099731,58521500,216.7614992
2024-03-22,OMRNY,36.97000122,36.97000122,36.97000122,36.74000168,36.93000031,29400,216.7614992
2024-03-22,ORCL,127.7900009,127.7900009,129.2100067,127.5500031,129.0099945,6655800,216.7614992
2024-03-22,PATH,22.96999931,22.96999931,23.63999939,22.71999931,23.57999992,6523300,216.7614992
2024-03-22,PLTR,24.18000031,24.18000031,24.47500038,24.02000046,24.20000076,25354300,216.7614992
2024-03-22,QCOM,170.1000061,170.1000061,171.8999939,169.3000031,169.5500031,5644900,216.7614992
2024-03-22,ROBO,58.47000122,58.47000122,58.81000137,58.27000046,58.54999924,44200,216.7614992
2024-03-22,SAP,195.3500061,195.3500061,195.9499969,193.7200012,194.5200043,533300,216.7614992
2024-03-22,SHOP,78.72000122,78.72000122,80.37000275,78.37999725,78.88999939,4559100,216.7614992
2024-03-22,SIEGY,94.81999969,94.81999969,95.12999725,94.25,94.45999908,78100,216.7614992
2024-03-22,SNOW,159.0299988,159.0299988,160.3000031,157,158.3899994,4076000,216.7614992
2024-03-22,SNPS,594.2000122,594.2000122,604.9099731,588.2800293,601,1242200,216.7614992
2024-03-22,SQ,80.76999664,80.76999664,84.04699707,80.75,83.01999664,6357100,216.7614992
2024-03-22,TER,110.75,110.75,112.2699966,110.6699982,110.9199982,1812700,216.7614992
2024-03-22,TSLA,170.8300018,170.8300018,171.1999969,166.3000031,166.6900024,75454700,216.7614992
2024-03-22,TWLO,61.56999969,61.56999969,61.84000015,61.02000046,61.38000107,2066400,216.7614992
2024-03-22,ZM,65.95999908,65.95999908,66.41000366,65.58000183,66.34999847,1521200,216.7614992
2024-03-22,ZS,194.9499969,194.9499969,199,193.2700043,197.5,1632900,216.7614992
2024-03-25,0020.HK,0.7799999714,0.7799999714,0.8100000024,0.7799999714,0.8100000024,272750000,216.0439473
2024-03-25,002230.SZ,49.11000061,49.11000061,51.50999832,49,51.06999969,61296449,216.0439473
2024-03-25,AAPL,170.8500061,170.8500061,171.9400024,169.4499969,170.5700073,54288300,216.0439473
2024-03-25,ADBE,507.230011,507.230011,510.6300049,496.6900024,496.7900085,4277000,216.0439473
2024-03-25,ADSK,261.5700073,261.5700073,262.8200073,258.3299866,260.5899963,1076600,216.0439473
2024-03-25,AI,27.62999916,27.62999916,28.32999992,26.89999962,27.86000061,5221100,216.0439473
2024-03-25,AMD,178.6300049,178.6300049,182.8000031,172,172.8999939,71935300,216.0439473
2024-03-25,AMZN,179.7100067,179.7100067,180.9900055,177.2400055,178.0099945,29815500,216.0439473
2024-03-25,ANSS,347.519989,347.519989,348.230011,343.4700012,347.5799866,416400,216.0439473
2024-03-25,ASML,978.9299927,978.9299927,992.2800293,976.460022,979.1300049,860900,216.0439473
2024-03-25,BIDU,105.6600037,105.6600037,105.9899979,102.0100021,104.3300018,6544800,216.0439473
2024-03-25,CDNS,316.2099915,316.2099915,318.6499939,313.2099915,318.6099854,1305800,216.0439473
2024-03-25,CRM,306.0599976,306.0599976,307.7099915,302.5400085,303.7000122,4141200,216.0439473
2024-03-25,CRWD,324.7600098,324.7600098,329.25,321,326,1695200,216.0439473
2024-03-25,DOCU,58.63000107,58.63000107,58.90000153,57.74000168,57.90999985,1475200,216.0439473
2024-03-25,FTNT,67.88999939,67.88999939,68.41000366,67.61000061,67.84999847,3296100,216.0439473
2024-03-25,GE,138.4597015,138.4597015,140.0718231,137.9010315,139.3934631,6288181,216.0439473
2024-03-25,GOOGL,150.0700073,150.0700073,150.3800049,147.8200073,149.9400024,19229300,216.0439473
2024-03-25,HON,198.4799957,198.4799957,200.7100067,198.4299927,200.3800049,1961300,216.0439473
2024-03-25,IBM,188.7899933,188.7899933,190.8200073,188.75,190.2599945,3718300,216.0439473
2024-03-25,INTC,41.83000183,41.83000183,42.22000122,40.56999969,40.88999939,47276500,216.0439473
2024-03-25,KYCCF,464.5,464.5,472.7000122,449.75,472.7000122,2900,216.0439473
2024-03-25,META,503.019989,503.019989,507.2200012,500.2399902,505.7900085,8380600,216.0439473
2024-03-25,MSFT,422.8599854,422.8599854,427.4100037,421.6099854,425.2399902,18060500,216.0439473
2024-03-25,MU,117.0170441,117.1299973,121.4100037,110.1600037,110.2399979,55766100,216.0439473
2024-03-25,NVDA,950.0200195,950.0200195,967.6599731,935.0999756,939.4099731,55213600,216.0439473
2024-03-25,OMRNY,36.45000076,36.45000076,36.90000153,36.43000031,36.75,29800,216.0439473
2024-03-25,ORCL,126.0800018,126.0800018,127.6699982,126.0500031,127.6699982,7446100,216.0439473
2024-03-25,PATH,23.06999969,23.06999969,23.23999977,22.82099915,22.89999962,4489100,216.0439473
2024-03-25,PLTR,24.51000023,24.51000023,24.62000084,24.04999924,24.12000084,29255900,216.0439473
2024-03-25,QCOM,167.5200043,167.5200043,168.7700043,166.9700012,167.8800049,5682500,216.0439473
2024-03-25,ROBO,58.22999954,58.22999954,58.36000061,58,58.08000183,165900,216.0439473
2024-03-25,SAP,195.2799988,195.2799988,196.2400055,194.7799988,195.1499939,419500,216.0439473
2024-03-25,SHOP,78.41999817,78.41999817,79.55999756,77.73500061,78.09999847,4596000,216.0439473
2024-03-25,SIEGY,94.33999634,94.33999634,95.16000366,94.23000336,94.41999817,93100,216.0439473
2024-03-25,SNOW,158.1399994,158.1399994,159.1000061,157.25,157.7899933,3108700,216.0439473
2024-03-25,SNPS,584.3200073,584.3200073,588.1300049,580.6500244,586.9000244,1328000,216.0439473
2024-03-25,SQ,82.62000275,82.62000275,83.53500366,80.58000183,80.61000061,6631900,216.0439473
2024-03-25,TER,108.9000015,108.9000015,110.25,108.6200027,108.7900009,1561800,216.0439473
2024-03-25,TSLA,172.6300049,172.6300049,175.2400055,168.7299957,168.7599945,74228600,216.0439473
2024-03-25,TWLO,62.27000046,62.27000046,62.83000183,61.34999847,61.34999847,2125800,216.0439473
2024-03-25,ZM,66.70999908,66.70999908,66.94000244,65.34999847,65.84999847,2227000,216.0439473
2024-03-25,ZS,194.0700073,194.0700073,195.7700043,192.6600037,194.8399963,1214000,216.0439473
2024-03-26,0020.HK,0.7799999714,0.7799999714,0.7900000215,0.7599999905,0.7799999714,218827641,215.5536655
2024-03-26,002230.SZ,48.02000046,48.02000046,49.47000122,47.59999847,49,53876297,215.5536655
2024-03-26,AAPL,169.7100067,169.7100067,171.4199982,169.5800018,170,57388400,215.5536655
2024-03-26,ADBE,507.6000061,507.6000061,512.789978,503.5899963,508.0599976,2813300,215.5536655
2024-03-26,ADSK,261.6700134,261.6700134,264.6300049,261.5100098,262.019989,939800,215.5536655
2024-03-26,AI,27.05999947,27.05999947,28.14999962,27.01000023,28.02000046,4096400,215.5536655
2024-03-26,AMD,177.8699951,177.8699951,182.6000061,176.3300018,179.5399933,65322400,215.5536655
2024-03-26,AMZN,178.3000031,178.3000031,180.4499969,177.9499969,180.1499939,29659000,215.5536655
2024-03-26,ANSS,349.8399963,349.8399963,352.0899963,347.7900085,347.7900085,682100,215.5536655
2024-03-26,ASML,971.2999878,971.2999878,989.3900146,970.8300171,986.7399902,706000,215.5536655
2024-03-26,BIDU,103.6600037,103.6600037,106.5800018,103.5999985,104.5699997,4040400,215.5536655
2024-03-26,CDNS,316.0100098,316.0100098,321.3500061,315,317,1266800,215.5536655
2024-03-26,CRM,305.8299866,305.8299866,307.980011,304.8900146,307.480011,3893900,215.5536655
2024-03-26,CRWD,330.0100098,330.0100098,332.5,323.8599854,326,2417700,215.5536655
2024-03-26,DOCU,58,58,60.47999954,57.95000076,59,2746100,215.5536655
2024-03-26,FTNT,67.44999695,67.44999695,68.16999817,67.04000092,67.95999908,3312400,215.5536655
2024-03-26,GE,138.5075836,138.5075836,139.7047119,137.5897827,138.4597015,5056983,215.5536655
2024-03-26,GOOGL,150.6699982,150.6699982,152.2599945,149.9799957,150.2200012,22149100,215.5536655
2024-03-26,HON,201,201,201.4700012,197.75,198.0500031,2697100,215.5536655
2024-03-26,IBM,188.5,188.5,190,188.5,189.0200043,4229500,215.5536655
2024-03-26,INTC,41.99000168,41.99000168,42.27000046,41.65999985,41.95000076,39109700,215.5536655
2024-03-26,KYCCF,473,473,493.4400024,468.8299866,493.4400024,2200,215.5536655
2024-03-26,META,495.8900146,495.8900146,510,495.2099915,505.1300049,11205400,215.5536655
2024-03-26,MSFT,421.6499939,421.6499939,425.9899902,421.3500061,425.6099854,16725600,215.5536655
2024-03-26,MU,118.6854401,118.8000031,122.4599991,118.1699982,119,44295100,215.5536655
2024-03-26,NVDA,925.6099854,925.6099854,963.75,925.0200195,958.5100098,51364800,215.5536655
2024-03-26,OMRNY,36.43000031,36.43000031,36.75,36.41999817,36.49000168,41000,215.5536655
2024-03-26,ORCL,126.4700012,126.4700012,126.9400024,125.8399963,126.75,7063900,215.5536655
2024-03-26,PATH,22.70999908,22.70999908,23.35000038,22.64999962,23.29999924,5325300,215.5536655
2024-03-26,PLTR,24.88999939,24.88999939,25.46999931,24.46999931,24.76000023,43610500,215.5536655
2024-03-26,QCOM,167.0700073,167.0700073,169.4199982,167,168.0500031,5289900,215.5536655
2024-03-26,ROBO,58.04999924,58.04999924,58.45800018,58.04999924,58.38000107,39300,215.5536655
2024-03-26,SAP,196.6600037,196.6600037,198.5599976,196.5800018,197.6799927,556900,215.5536655
2024-03-26,SHOP,78.52999878,78.52999878,79.75,77.75,79.04000092,4442200,215.5536655
2024-03-26,SIEGY,94.62999725,94.62999725,95.54000092,94.51000214,95.20999908,158000,215.5536655
2024-03-26,SNOW,158.0200043,158.0200043,160.9700012,157.6399994,159.3800049,4069100,215.5536655
2024-03-26,SNPS,584.3200073,584.3200073,591.2700195,584,584.8800049,1024000,215.5536655
2024-03-26,SQ,83.80000305,83.80000305,85.80000305,83.50499725,83.65000153,8171700,215.5536655
2024-03-26,TER,108.1399994,108.1399994,110.2200012,107.9899979,109.1800003,1732700,215.5536655
2024-03-26,TSLA,177.6699982,177.6699982,184.25,177.3800049,178.5800018,113186200,215.5536655
2024-03-26,TWLO,60.70999908,60.70999908,62.65999985,60.68000031,62.59999847,2471900,215.5536655
2024-03-26,ZM,66.34999847,66.34999847,67.39499664,66.18499756,67,1642100,215.5536655
2024-03-26,ZS,195.6300049,195.6300049,196.0099945,192.5099945,195.8399963,1483300,215.5536655
2024-03-27,0020.HK,0.6999999881,0.6999999881,0.7900000215,0.6999999881,0.7900000215,528954158,214.6574635
2024-03-27,002230.SZ,45.84999847,45.84999847,48.22999954,45.81999969,48.18999863,50491238,214.6574635
2024-03-27,AAPL,173.3099976,173.3099976,173.6000061,170.1100006,170.4100037,60273300,214.6574635
2024-03-27,ADBE,504.3999939,504.3999939,516.8599854,499.7000122,515.4699707,4228400,214.6574635
2024-03-27,ADSK,260.9700012,260.9700012,262.2999878,258.0299988,260.5899963,992300,214.6574635
2024-03-27,AI,27.26000023,27.26000023,27.54899979,26.77000046,27.27000046,3539500,214.6574635
2024-03-27,AMD,179.5899963,179.5899963,181.2299957,175.3999939,179.9600067,55685600,214.6574635
2024-03-27,AMZN,179.8300018,179.8300018,180,177.3099976,179.8800049,33272600,214.6574635
2024-03-27,ANSS,347.9299927,347.9299927,354.3399963,345.0100098,352.8699951,457500,214.6574635
2024-03-27,ASML,974.0100098,974.0100098,979.2000122,964.0700073,978.7800293,572100,214.6574635
2024-03-27,BIDU,104.9899979,104.9899979,105,102.5299988,102.6900024,3087500,214.6574635
2024-03-27,CDNS,311.3399963,311.3399963,319.3699951,309.3099976,319.2399902,1075900,214.6574635
2024-03-27,CRM,301.3800049,301.3800049,309.2999878,298.6300049,307.4400024,3859900,214.6574635
2024-03-27,CRWD,322.25,322.25,333.8399963,317.5599976,333.3399963,3175600,214.6574635
2024-03-27,DOCU,59.27000046,59.27000046,59.29000092,57.99499893,58.52000046,1353800,214.6574635
2024-03-27,FTNT,67.26999664,67.26999664,68.31999969,66.19000244,68.29000092,3535000,214.6574635
2024-03-27,GE,143.7509918,143.7509918,143.9425354,139.4094238,139.6807709,12606433,214.6574635
2024-03-27,GOOGL,150.8699951,150.8699951,151.6399994,148.8999939,151.1799927,22879200,214.6574635
2024-03-27,HON,205.1300049,205.1300049,205.2599945,202.2100067,202.9400024,2760100,214.6574635
2024-03-27,IBM,190.8000031,190.8000031,190.9600067,188.6000061,189.6000061,3693300,214.6574635
2024-03-27,INTC,43.77000046,43.77000046,43.83000183,42.5,42.54000092,51017800,214.6574635
2024-03-27,KYCCF,461.4700012,461.4700012,480.3200073,460,466,2000,214.6574635
2024-03-27,META,493.8599854,493.8599854,499.8900146,488.0700073,499.2999878,9989700,214.6574635
2024-03-27,MSFT,421.4299927,421.4299927,424.4500122,419.0100098,424.4400024,16705000,214.6574635
2024-03-27,MU,119.1350021,119.25,120.1100006,117.0800018,119.3000031,29320700,214.6574635
2024-03-27,NVDA,902.5,902.5,932.4000244,891.2299805,931.1199951,58606700,214.6574635
2024-03-27,OMRNY,35.86999893,35.86999893,36.5,35.50999832,36,29200,214.6574635
2024-03-27,ORCL,125.2699966,125.2699966,127.8199997,124.4700012,127.3300018,8115900,214.6574635
2024-03-27,PATH,22.78000069,22.78000069,23.04000092,22.38999939,22.86000061,5453200,214.6574635
2024-03-27,PLTR,24.51000023,24.51000023,25.47999954,24.26000023,25,38600100,214.6574635
2024-03-27,QCOM,169.1300049,169.1300049,169.4799957,166.9700012,169.4499969,6309700,214.6574635
2024-03-27,ROBO,58.52999878,58.52999878,58.5890007,57.99499893,58.45000076,44200,214.6574635
2024-03-27,SAP,197.0899963,197.0899963,199.2899933,196.2799988,199.1999969,852700,214.6574635
2024-03-27,SHOP,78.62000275,78.62000275,79.37999725,77.45999908,79.34999847,4399700,214.6574635
2024-03-27,SIEGY,96.23999786,96.23999786,96.23999786,94.88999939,95.22000122,231900,214.6574635
2024-03-27,SNOW,160.0399933,160.0399933,160.628006,157.6999969,159.6000061,4698100,214.6574635
2024-03-27,SNPS,573.3499756,573.3499756,588.1199951,570.5100098,587.6400146,871300,214.6574635
2024-03-27,SQ,83.18000031,83.18000031,85.66999817,82.23999786,84.94000244,5742300,214.6574635
2024-03-27,TER,111.5400009,111.5400009,111.6800003,108.5199966,108.9899979,1256500,214.6574635
2024-03-27,TSLA,179.8300018,179.8300018,181.9100037,176,181.4100037,81804000,214.6574635
2024-03-27,TWLO,61.00999832,61.00999832,61.60400009,60.77999878,61.34999847,2068900,214.6574635
2024-03-27,ZM,66.62000275,66.62000275,66.95999908,65.93000031,66.61000061,1882900,214.6574635
2024-03-27,ZS,193.4799957,193.4799957,197.7700043,192.5500031,197.3899994,1319800,214.6574635
2024-03-28,0020.HK,0.7099999785,0.7099999785,0.7400000095,0.6999999881,0.6999999881,398119944,214.1220409
2024-03-28,002230.SZ,49.61999893,49.61999893,50.38000107,45.88999939,45.90000153,92872321,214.1220409
2024-03-28,AAPL,171.4799957,171.4799957,172.2299957,170.5099945,171.75,65672700,214.1220409
2024-03-28,ADBE,504.6000061,504.6000061,509,500.2600098,508.1199951,3897000,214.1220409
2024-03-28,ADSK,260.4200134,260.4200134,262.9500122,259.7399902,261.3099976,896000,214.1220409
2024-03-28,AI,27.06999969,27.06999969,27.75,27.03000069,27.12000084,3108500,214.1220409
2024-03-28,AMD,180.4900055,180.4900055,183.3999939,178.3000031,179.4700012,57628600,214.1220409
2024-03-28,AMZN,180.3800049,180.3800049,181.6999969,179.2599945,180.1699982,38051600,214.1220409
2024-03-28,ANSS,347.1600037,347.1600037,349.9899902,345.1700134,349.9899902,432900,214.1220409
2024-03-28,ASML,970.4699707,970.4699707,971.8699951,961.6500244,969.5499878,685700,214.1220409
2024-03-28,BIDU,105.2799988,105.2799988,107.3300018,104.9700012,105.9499969,3016200,214.1220409
2024-03-28,CDNS,311.2799988,311.2799988,313.0100098,309.3900146,312.1600037,1331700,214.1220409
2024-03-28,CRM,301.1799927,301.1799927,302.7999878,299.6300049,300,4892300,214.1220409
2024-03-28,CRWD,320.5899963,320.5899963,327.6499939,319.9400024,322.4200134,2253100,214.1220409
2024-03-28,DOCU,59.54999924,59.54999924,60.09000015,59.40000153,59.59000015,1425500,214.1220409
2024-03-28,FTNT,68.30999756,68.30999756,68.59999847,67,67.20999908,3922200,214.1220409
2024-03-28,GE,140.0877838,140.0877838,143.6312866,139.1300812,143.6153259,12122274,214.1220409
2024-03-28,GOOGL,150.9299927,150.9299927,151.4299927,150.1699982,150.8500061,24485400,214.1220409
2024-03-28,HON,205.25,205.25,206.8200073,205.1799927,205.3999939,3594100,214.1220409
2024-03-28,IBM,190.9600067,190.9600067,191.9299927,190.3399963,190.9400024,3742200,214.1220409
2024-03-28,INTC,44.16999817,44.16999817,44.59999847,43.70999908,43.75999832,54204200,214.1220409
2024-03-28,KYCCF,461.3699951,461.3699951,477,449.0400085,449.0400085,1800,214.1220409
2024-03-28,META,485.5799866,485.5799866,492.8900146,485.1499939,492.8399963,15212800,214.1220409
2024-03-28,MSFT,420.7200012,420.7200012,421.8699951,419.1199951,420.9599915,21871200,214.1220409
2024-03-28,MU,117.8899994,117.8899994,119.6299973,117.3499985,119.4400024,21047800,214.1220409
2024-03-28,NVDA,903.5599976,903.5599976,913,891.9299927,900,43521200,214.1220409
2024-03-28,OMRNY,35.83000183,35.83000183,36,35,35,42300,214.1220409
2024-03-28,ORCL,125.6100006,125.6100006,126.1699982,125.1999969,125.3899994,6587400,214.1220409
2024-03-28,PATH,22.67000008,22.67000008,23.04000092,22.59000015,22.87999916,5456000,214.1220409
2024-03-28,PLTR,23.01000023,23.01000023,24.28000069,22.94000053,24.17000008,70008200,214.1220409
2024-03-28,QCOM,169.3000031,169.3000031,169.8899994,167.9799957,169.1000061,5324000,214.1220409
2024-03-28,ROBO,58.63999939,58.63999939,58.72999954,58.44499969,58.54999924,36100,214.1220409
2024-03-28,SAP,195.0299988,195.0299988,196.3000031,194.5,195.4900055,376200,214.1220409
2024-03-28,SHOP,77.16999817,77.16999817,79.19499969,77,78.80000305,4261000,214.1220409
2024-03-28,SIEGY,95.43000031,95.43000031,95.80000305,95.30000305,95.62000275,79900,214.1220409
2024-03-28,SNOW,161.6000061,161.6000061,165.8899994,161,164.0200043,10106900,214.1220409
2024-03-28,SNPS,571.5,571.5,577,570,576.1199951,999100,214.1220409
2024-03-28,SQ,84.58000183,84.58000183,84.91999817,83.19999695,83.79499817,5816800,214.1220409
2024-03-28,TER,112.8300018,112.8300018,113.2799988,111.5699997,111.6399994,2046900,214.1220409
2024-03-28,TSLA,175.7899933,175.7899933,179.5700073,175.3000031,177.4499969,77654800,214.1220409
2024-03-28,TWLO,61.15000153,61.15000153,61.47000122,60.81000137,61,5440700,214.1220409
2024-03-28,ZM,65.37000275,65.37000275,66.86000061,65.33000183,66.86000061,2605800,214.1220409
2024-03-28,ZS,192.6300049,192.6300049,194.1799927,190.75,191.2899933,1628200,214.1220409
2024-03-29,002230.SZ,48.72000122,48.72000122,49.45999908,47.90000153,49.45999908,32239800,48.72000122
2024-04-01,002230.SZ,49.52999878,49.52999878,49.88000107,48.61000061,49,38689591,220.3814814
2024-04-01,AAPL,170.0299988,170.0299988,171.25,169.4799957,171.1900024,46240500,220.3814814
2024-04-01,ADBE,502.0899963,502.0899963,506.9200134,499.3099976,504.9899902,2056000,220.3814814
2024-04-01,ADSK,259.4400024,259.4400024,260.75,256.3900146,259.8999939,791600,220.3814814
2024-04-01,AI,26.39999962,26.39999962,27.10000038,26.07999992,27,4118900,220.3814814
2024-04-01,AMD,183.3399963,183.3399963,187.2400055,179.8999939,180.1000061,74299900,220.3814814
2024-04-01,AMZN,180.9700012,180.9700012,183,179.9499969,180.7899933,29174500,220.3814814
2024-04-01,ANSS,347.480011,347.480011,348.9700012,344.4500122,347.1600037,539200,220.3814814
2024-04-01,ASML,992.9500122,992.9500122,1022.659973,979.7600098,979.7600098,1108500,220.3814814
2024-04-01,BIDU,108.4400024,108.4400024,109.25,106.6299973,107,3001700,220.3814814
2024-04-01,CDNS,312.1300049,312.1300049,313.9700012,308.6499939,310.4599915,901100,220.3814814
2024-04-01,CRM,302.2600098,302.2600098,303.5100098,299.9899902,301.6900024,2918100,220.3814814
2024-04-01,CRWD,319.5899963,319.5899963,321.9899902,313.7200012,321,1830900,220.3814814
2024-04-01,DOCU,58.22999954,58.22999954,59.70800018,58.22000122,59.31999969,1535900,220.3814814
2024-04-01,FTNT,67.81999969,67.81999969,68.73000336,66.73000336,68.73000336,3003400,220.3814814
2024-04-01,GE,139.9521179,139.9521179,140.4868317,138.1165161,140.1436615,7399592,220.3814814
2024-04-01,GOOGL,155.4900055,155.4900055,155.7400055,150.6100006,150.6900024,31730800,220.3814814
2024-04-01,HON,202.0099945,202.0099945,205.8899994,201.8899994,205.3899994,2221900,220.3814814
2024-04-01,IBM,189.8300018,189.8300018,190.4600067,188.5200043,190,2364300,220.3814814
2024-04-01,INTC,44.52000046,44.52000046,45.40999985,44.18000031,44.29000092,31712600,220.3814814
2024-04-01,KYCCF,466.2000122,466.2000122,483.6000061,454.5,471.5,1800,220.3814814
2024-04-01,META,491.3500061,491.3500061,497.4299927,481.7799988,487.2000122,9247000,220.3814814
2024-04-01,MSFT,424.5700073,424.5700073,427.8900146,422.2200012,423.9500122,16316000,220.3814814
2024-04-01,MU,124.3000031,124.3000031,127.3799973,119,119.1999969,44309400,220.3814814
2024-04-01,NVDA,903.6300049,903.6300049,922.25,892.039978,902.9899902,45244100,220.3814814
2024-04-01,OMRNY,37.13000107,37.13000107,37.20000076,37.00999832,37.20000076,26000,220.3814814
2024-04-01,ORCL,125.4800034,125.4800034,126.2699966,124.5599976,125.5400009,4133600,220.3814814
2024-04-01,PATH,22.19000053,22.19000053,22.82999992,21.95999908,22.60000038,5593700,220.3814814
2024-04-01,PLTR,22.86000061,22.86000061,23.20999908,22.39999962,22.97999954,41000000,220.3814814
2024-04-01,QCOM,171.7200012,171.7200012,172.8000031,168.2100067,168.2700043,6679100,220.3814814
2024-04-01,ROBO,58.11999893,58.11999893,58.74000168,57.95999908,58.72999954,67300,220.3814814
2024-04-01,SAP,196.0299988,196.0299988,197.0200043,195.3800049,196.3699951,554200,220.3814814
2024-04-01,SHOP,78.19000244,78.19000244,78.62999725,76.27999878,77.34999847,6588400,220.3814814
2024-04-01,SIEGY,95.40000153,95.40000153,96.01999664,94.88999939,95.5,67000,220.3814814
2024-04-01,SNOW,160.5200043,160.5200043,163.75,159.7350006,161.8600006,3928800,220.3814814
2024-04-01,SNPS,576.8900146,576.8900146,582.6699829,571.7199707,578.0700073,609100,220.3814814
2024-04-01,SQ,81.45999908,81.45999908,84.91500092,81.04499817,84.91500092,7400100,220.3814814
2024-04-01,TER,112.9499969,112.9499969,114.8300018,111.8799973,112.8499985,1346600,220.3814814
2024-04-01,TSLA,175.2200012,175.2200012,176.75,170.2100067,176.1699982,81562100,220.3814814
2024-04-01,TWLO,62.45000076,62.45000076,63.40000153,61.22999954,61.34999847,3858600,220.3814814
2024-04-01,ZM,64.73000336,64.73000336,67.04000092,64.6190033,67.04000092,2955100,220.3814814
2024-04-01,ZS,192.1300049,192.1300049,193.7799988,189.5910034,192.5,1336400,220.3814814